,Sample,Population
0,HG00096,Europe
1,HG00097,Europe
2,HG00098,Europe
3,HG00099,Europe
4,HG00100,Europe
5,HG00101,Europe
6,HG00102,Europe
7,HG00103,Europe
8,HG00104,Europe
9,HG00105,Europe
10,HG00106,Europe
11,HG00107,Europe
12,HG00108,Europe
13,HG00109,Europe
14,HG00110,Europe
15,HG00111,Europe
16,HG00112,Europe
17,HG00113,Europe
18,HG00114,Europe
19,HG00115,Europe
20,HG00116,Europe
21,HG00117,Europe
22,HG00118,Europe
23,HG00119,Europe
24,HG00120,Europe
25,HG00121,Europe
26,HG00122,Europe
27,HG00123,Europe
28,HG00124,Europe
29,HG00125,Europe
30,HG00126,Europe
31,HG00127,Europe
32,HG00128,Europe
33,HG00129,Europe
34,HG00130,Europe
35,HG00131,Europe
36,HG00132,Europe
37,HG00133,Europe
38,HG00134,Europe
39,HG00135,Europe
40,HG00136,Europe
41,HG00137,Europe
42,HG00138,Europe
43,HG00139,Europe
44,HG00140,Europe
45,HG00141,Europe
46,HG00142,Europe
47,HG00143,Europe
48,HG00144,Europe
49,HG00145,Europe
50,HG00146,Europe
51,HG00147,Europe
52,HG00148,Europe
53,HG00149,Europe
54,HG00150,Europe
55,HG00151,Europe
56,HG00152,Europe
57,HG00153,Europe
58,HG00154,Europe
59,HG00155,Europe
60,HG00156,Europe
61,HG00157,Europe
62,HG00158,Europe
63,HG00159,Europe
64,HG00160,Europe
65,HG00171,Europe
66,HG00173,Europe
67,HG00174,Europe
68,HG00176,Europe
69,HG00177,Europe
70,HG00178,Europe
71,HG00179,Europe
72,HG00180,Europe
73,HG00181,Europe
74,HG00182,Europe
75,HG00183,Europe
76,HG00185,Europe
77,HG00186,Europe
78,HG00187,Europe
79,HG00188,Europe
80,HG00189,Europe
81,HG00190,Europe
82,HG00231,Europe
83,HG00232,Europe
84,HG00233,Europe
85,HG00234,Europe
86,HG00235,Europe
87,HG00236,Europe
88,HG00237,Europe
89,HG00238,Europe
90,HG00239,Europe
91,HG00240,Europe
92,HG00242,Europe
93,HG00243,Europe
94,HG00244,Europe
95,HG00245,Europe
96,HG00246,Europe
97,HG00247,Europe
98,HG00248,Europe
99,HG00249,Europe
100,HG00250,Europe
101,HG00251,Europe
102,HG00252,Europe
103,HG00253,Europe
104,HG00254,Europe
105,HG00255,Europe
106,HG00256,Europe
107,HG00257,Europe
108,HG00258,Europe
109,HG00259,Europe
110,HG00260,Europe
111,HG00261,Europe
112,HG00262,Europe
113,HG00263,Europe
114,HG00264,Europe
115,HG00265,Europe
116,HG00266,Europe
117,HG00267,Europe
118,HG00268,Europe
119,HG00269,Europe
120,HG00270,Europe
121,HG00271,Europe
122,HG00272,Europe
123,HG00273,Europe
124,HG00274,Europe
125,HG00275,Europe
126,HG00276,Europe
127,HG00277,Europe
128,HG00278,Europe
129,HG00280,Europe
130,HG00281,Europe
131,HG00282,Europe
132,HG00284,Europe
133,HG00285,Europe
134,HG00288,Europe
135,HG00290,Europe
136,HG00302,Europe
137,HG00303,Europe
138,HG00304,Europe
139,HG00306,Europe
140,HG00308,Europe
141,HG00309,Europe
142,HG00310,Europe
143,HG00311,Europe
144,HG00312,Europe
145,HG00313,Europe
146,HG00315,Europe
147,HG00318,Europe
148,HG00319,Europe
149,HG00320,Europe
150,HG00321,Europe
151,HG00323,Europe
152,HG00324,Europe
153,HG00325,Europe
154,HG00326,Europe
155,HG00327,Europe
156,HG00328,Europe
157,HG00329,Europe
158,HG00330,Europe
159,HG00331,Europe
160,HG00332,Europe
161,HG00334,Europe
162,HG00335,Europe
163,HG00336,Europe
164,HG00337,Europe
165,HG00338,Europe
166,HG00339,Europe
167,HG00341,Europe
168,HG00342,Europe
169,HG00343,Europe
170,HG00344,Europe
171,HG00345,Europe
172,HG00346,Europe
173,HG00349,Europe
174,HG00350,Europe
175,HG00351,Europe
176,HG00353,Europe
177,HG00355,Europe
178,HG00356,Europe
179,HG00357,Europe
180,HG00358,Europe
181,HG00359,Europe
182,HG00360,Europe
183,HG00361,Europe
184,HG00362,Europe
185,HG00364,Europe
186,HG00365,Europe
187,HG00366,Europe
188,HG00367,Europe
189,HG00368,Europe
190,HG00369,Europe
191,HG00371,Europe
192,HG00372,Europe
193,HG00373,Europe
194,HG00375,Europe
195,HG00376,Europe
196,HG00377,Europe
197,HG00378,Europe
198,HG00379,Europe
199,HG00380,Europe
200,HG00381,Europe
201,HG00382,Europe
202,HG00383,Europe
203,HG00384,Europe
204,HG00403,Asia
205,HG00404,Asia
206,HG00405,Asia
207,HG00406,Asia
208,HG00407,Asia
209,HG00408,Asia
210,HG00409,Asia
211,HG00410,Asia
212,HG00411,Asia
213,HG00418,Asia
214,HG00419,Asia
215,HG00420,Asia
216,HG00421,Asia
217,HG00422,Asia
218,HG00423,Asia
219,HG00427,Asia
220,HG00428,Asia
221,HG00429,Asia
222,HG00436,Asia
223,HG00437,Asia
224,HG00438,Asia
225,HG00442,Asia
226,HG00443,Asia
227,HG00444,Asia
228,HG00445,Asia
229,HG00446,Asia
230,HG00447,Asia
231,HG00448,Asia
232,HG00449,Asia
233,HG00450,Asia
234,HG00451,Asia
235,HG00452,Asia
236,HG00453,Asia
237,HG00457,Asia
238,HG00458,Asia
239,HG00459,Asia
240,HG00463,Asia
241,HG00464,Asia
242,HG00465,Asia
243,HG00472,Asia
244,HG00473,Asia
245,HG00474,Asia
246,HG00475,Asia
247,HG00476,Asia
248,HG00477,Asia
249,HG00478,Asia
250,HG00479,Asia
251,HG00480,Asia
252,HG00500,Asia
253,HG00501,Asia
254,HG00502,Asia
255,HG00512,Asia
256,HG00513,Asia
257,HG00514,Asia
258,HG00524,Asia
259,HG00525,Asia
260,HG00526,Asia
261,HG00530,Asia
262,HG00531,Asia
263,HG00532,Asia
264,HG00533,Asia
265,HG00534,Asia
266,HG00535,Asia
267,HG00536,Asia
268,HG00537,Asia
269,HG00538,Asia
270,HG00542,Asia
271,HG00543,Asia
272,HG00544,Asia
273,HG00551,NorthAmerica
274,HG00552,NorthAmerica
275,HG00553,NorthAmerica
276,HG00554,NorthAmerica
277,HG00555,NorthAmerica
278,HG00556,Asia
279,HG00557,Asia
280,HG00558,Asia
281,HG00559,Asia
282,HG00560,Asia
283,HG00561,Asia
284,HG00565,Asia
285,HG00566,Asia
286,HG00567,Asia
287,HG00577,Asia
288,HG00578,Asia
289,HG00579,Asia
290,HG00580,Asia
291,HG00581,Asia
292,HG00582,Asia
293,HG00583,Asia
294,HG00584,Asia
295,HG00585,Asia
296,HG00589,Asia
297,HG00590,Asia
298,HG00591,Asia
299,HG00592,Asia
300,HG00593,Asia
301,HG00594,Asia
302,HG00595,Asia
303,HG00596,Asia
304,HG00597,Asia
305,HG00598,Asia
306,HG00599,Asia
307,HG00600,Asia
308,HG00607,Asia
309,HG00608,Asia
310,HG00609,Asia
311,HG00610,Asia
312,HG00611,Asia
313,HG00612,Asia
314,HG00613,Asia
315,HG00614,Asia
316,HG00615,Asia
317,HG00619,Asia
318,HG00620,Asia
319,HG00621,Asia
320,HG00622,Asia
321,HG00623,Asia
322,HG00624,Asia
323,HG00625,Asia
324,HG00626,Asia
325,HG00627,Asia
326,HG00628,Asia
327,HG00629,Asia
328,HG00630,Asia
329,HG00631,Asia
330,HG00632,Asia
331,HG00633,Asia
332,HG00634,Asia
333,HG00635,Asia
334,HG00636,Asia
335,HG00637,NorthAmerica
336,HG00638,NorthAmerica
337,HG00639,NorthAmerica
338,HG00640,NorthAmerica
339,HG00641,NorthAmerica
340,HG00642,NorthAmerica
341,HG00650,Asia
342,HG00651,Asia
343,HG00652,Asia
344,HG00653,Asia
345,HG00654,Asia
346,HG00655,Asia
347,HG00656,Asia
348,HG00657,Asia
349,HG00658,Asia
350,HG00662,Asia
351,HG00663,Asia
352,HG00664,Asia
353,HG00671,Asia
354,HG00672,Asia
355,HG00673,Asia
356,HG00674,Asia
357,HG00675,Asia
358,HG00676,Asia
359,HG00683,Asia
360,HG00684,Asia
361,HG00685,Asia
362,HG00689,Asia
363,HG00690,Asia
364,HG00691,Asia
365,HG00692,Asia
366,HG00693,Asia
367,HG00694,Asia
368,HG00698,Asia
369,HG00699,Asia
370,HG00700,Asia
371,HG00701,Asia
372,HG00702,Asia
373,HG00703,Asia
374,HG00704,Asia
375,HG00705,Asia
376,HG00706,Asia
377,HG00707,Asia
378,HG00708,Asia
379,HG00709,Asia
380,HG00716,Asia
381,HG00717,Asia
382,HG00718,Asia
383,HG00728,Asia
384,HG00729,Asia
385,HG00730,Asia
386,HG00731,NorthAmerica
387,HG00732,NorthAmerica
388,HG00733,NorthAmerica
389,HG00734,NorthAmerica
390,HG00735,NorthAmerica
391,HG00736,NorthAmerica
392,HG00737,NorthAmerica
393,HG00738,NorthAmerica
394,HG00739,NorthAmerica
395,HG00740,NorthAmerica
396,HG00741,NorthAmerica
397,HG00742,NorthAmerica
398,HG00743,NorthAmerica
399,HG00759,Asia
400,HG00766,Asia
401,HG00844,Asia
402,HG00851,Asia
403,HG00864,Asia
404,HG00866,Asia
405,HG00867,Asia
406,HG00879,Asia
407,HG00881,Asia
408,HG00956,Asia
409,HG00978,Asia
410,HG00982,Asia
411,HG00983,Asia
412,HG01028,Asia
413,HG01029,Asia
414,HG01031,Asia
415,HG01046,Asia
416,HG01047,NorthAmerica
417,HG01048,NorthAmerica
418,HG01049,NorthAmerica
419,HG01050,NorthAmerica
420,HG01051,NorthAmerica
421,HG01052,NorthAmerica
422,HG01053,NorthAmerica
423,HG01054,NorthAmerica
424,HG01055,NorthAmerica
425,HG01056,NorthAmerica
426,HG01058,NorthAmerica
427,HG01060,NorthAmerica
428,HG01061,NorthAmerica
429,HG01062,NorthAmerica
430,HG01063,NorthAmerica
431,HG01064,NorthAmerica
432,HG01066,NorthAmerica
433,HG01067,NorthAmerica
434,HG01068,NorthAmerica
435,HG01069,NorthAmerica
436,HG01070,NorthAmerica
437,HG01071,NorthAmerica
438,HG01072,NorthAmerica
439,HG01073,NorthAmerica
440,HG01074,NorthAmerica
441,HG01075,NorthAmerica
442,HG01077,NorthAmerica
443,HG01079,NorthAmerica
444,HG01080,NorthAmerica
445,HG01081,NorthAmerica
446,HG01082,NorthAmerica
447,HG01083,NorthAmerica
448,HG01084,NorthAmerica
449,HG01085,NorthAmerica
450,HG01086,NorthAmerica
451,HG01087,NorthAmerica
452,HG01088,NorthAmerica
453,HG01089,NorthAmerica
454,HG01090,NorthAmerica
455,HG01092,NorthAmerica
456,HG01094,NorthAmerica
457,HG01095,NorthAmerica
458,HG01096,NorthAmerica
459,HG01097,NorthAmerica
460,HG01098,NorthAmerica
461,HG01099,NorthAmerica
462,HG01100,NorthAmerica
463,HG01101,NorthAmerica
464,HG01102,NorthAmerica
465,HG01103,NorthAmerica
466,HG01104,NorthAmerica
467,HG01105,NorthAmerica
468,HG01106,NorthAmerica
469,HG01107,NorthAmerica
470,HG01108,NorthAmerica
471,HG01109,NorthAmerica
472,HG01110,NorthAmerica
473,HG01111,NorthAmerica
474,HG01112,SouthAmerica
475,HG01113,SouthAmerica
476,HG01114,SouthAmerica
477,HG01119,SouthAmerica
478,HG01121,SouthAmerica
479,HG01122,SouthAmerica
480,HG01123,SouthAmerica
481,HG01124,SouthAmerica
482,HG01125,SouthAmerica
483,HG01126,SouthAmerica
484,HG01130,SouthAmerica
485,HG01131,SouthAmerica
486,HG01133,SouthAmerica
487,HG01134,SouthAmerica
488,HG01135,SouthAmerica
489,HG01136,SouthAmerica
490,HG01137,SouthAmerica
491,HG01138,SouthAmerica
492,HG01139,SouthAmerica
493,HG01140,SouthAmerica
494,HG01141,SouthAmerica
495,HG01142,SouthAmerica
496,HG01148,SouthAmerica
497,HG01149,SouthAmerica
498,HG01150,SouthAmerica
499,HG01161,NorthAmerica
500,HG01162,NorthAmerica
501,HG01164,NorthAmerica
502,HG01167,NorthAmerica
503,HG01168,NorthAmerica
504,HG01169,NorthAmerica
505,HG01170,NorthAmerica
506,HG01171,NorthAmerica
507,HG01172,NorthAmerica
508,HG01173,NorthAmerica
509,HG01174,NorthAmerica
510,HG01175,NorthAmerica
511,HG01176,NorthAmerica
512,HG01177,NorthAmerica
513,HG01178,NorthAmerica
514,HG01182,NorthAmerica
515,HG01183,NorthAmerica
516,HG01184,NorthAmerica
517,HG01187,NorthAmerica
518,HG01188,NorthAmerica
519,HG01189,NorthAmerica
520,HG01190,NorthAmerica
521,HG01191,NorthAmerica
522,HG01192,NorthAmerica
523,HG01195,NorthAmerica
524,HG01197,NorthAmerica
525,HG01198,NorthAmerica
526,HG01199,NorthAmerica
527,HG01200,NorthAmerica
528,HG01204,NorthAmerica
529,HG01205,NorthAmerica
530,HG01206,NorthAmerica
531,HG01241,NorthAmerica
532,HG01242,NorthAmerica
533,HG01243,NorthAmerica
534,HG01247,NorthAmerica
535,HG01248,NorthAmerica
536,HG01249,NorthAmerica
537,HG01250,SouthAmerica
538,HG01251,SouthAmerica
539,HG01252,SouthAmerica
540,HG01253,SouthAmerica
541,HG01254,SouthAmerica
542,HG01255,SouthAmerica
543,HG01256,SouthAmerica
544,HG01257,SouthAmerica
545,HG01258,SouthAmerica
546,HG01259,SouthAmerica
547,HG01260,SouthAmerica
548,HG01261,SouthAmerica
549,HG01269,SouthAmerica
550,HG01271,SouthAmerica
551,HG01272,SouthAmerica
552,HG01273,SouthAmerica
553,HG01274,SouthAmerica
554,HG01275,SouthAmerica
555,HG01276,SouthAmerica
556,HG01277,SouthAmerica
557,HG01278,SouthAmerica
558,HG01279,SouthAmerica
559,HG01280,SouthAmerica
560,HG01281,SouthAmerica
561,HG01284,SouthAmerica
562,HG01286,NorthAmerica
563,HG01301,NorthAmerica
564,HG01302,NorthAmerica
565,HG01303,NorthAmerica
566,HG01305,NorthAmerica
567,HG01308,NorthAmerica
568,HG01311,NorthAmerica
569,HG01312,NorthAmerica
570,HG01322,NorthAmerica
571,HG01323,NorthAmerica
572,HG01324,NorthAmerica
573,HG01325,NorthAmerica
574,HG01326,NorthAmerica
575,HG01327,NorthAmerica
576,HG01334,Europe
577,HG01341,SouthAmerica
578,HG01342,SouthAmerica
579,HG01343,SouthAmerica
580,HG01344,SouthAmerica
581,HG01345,SouthAmerica
582,HG01346,SouthAmerica
583,HG01347,SouthAmerica
584,HG01348,SouthAmerica
585,HG01349,SouthAmerica
586,HG01350,SouthAmerica
587,HG01351,SouthAmerica
588,HG01352,SouthAmerica
589,HG01353,SouthAmerica
590,HG01354,SouthAmerica
591,HG01355,SouthAmerica
592,HG01356,SouthAmerica
593,HG01357,SouthAmerica
594,HG01358,SouthAmerica
595,HG01359,SouthAmerica
596,HG01360,SouthAmerica
597,HG01361,SouthAmerica
598,HG01362,SouthAmerica
599,HG01363,SouthAmerica
600,HG01364,SouthAmerica
601,HG01365,SouthAmerica
602,HG01366,SouthAmerica
603,HG01367,SouthAmerica
604,HG01369,SouthAmerica
605,HG01372,SouthAmerica
606,HG01374,SouthAmerica
607,HG01375,SouthAmerica
608,HG01376,SouthAmerica
609,HG01377,SouthAmerica
610,HG01378,SouthAmerica
611,HG01379,SouthAmerica
612,HG01383,SouthAmerica
613,HG01384,SouthAmerica
614,HG01385,SouthAmerica
615,HG01389,SouthAmerica
616,HG01390,SouthAmerica
617,HG01391,SouthAmerica
618,HG01392,NorthAmerica
619,HG01393,NorthAmerica
620,HG01394,NorthAmerica
621,HG01395,NorthAmerica
622,HG01396,NorthAmerica
623,HG01397,NorthAmerica
624,HG01398,NorthAmerica
625,HG01402,NorthAmerica
626,HG01403,NorthAmerica
627,HG01404,NorthAmerica
628,HG01405,NorthAmerica
629,HG01411,NorthAmerica
630,HG01412,NorthAmerica
631,HG01413,NorthAmerica
632,HG01414,NorthAmerica
633,HG01415,NorthAmerica
634,HG01431,SouthAmerica
635,HG01432,SouthAmerica
636,HG01433,SouthAmerica
637,HG01435,SouthAmerica
638,HG01437,SouthAmerica
639,HG01438,SouthAmerica
640,HG01439,SouthAmerica
641,HG01440,SouthAmerica
642,HG01441,SouthAmerica
643,HG01442,SouthAmerica
644,HG01443,SouthAmerica
645,HG01444,SouthAmerica
646,HG01445,SouthAmerica
647,HG01447,SouthAmerica
648,HG01452,SouthAmerica
649,HG01453,SouthAmerica
650,HG01454,SouthAmerica
651,HG01455,SouthAmerica
652,HG01456,SouthAmerica
653,HG01457,SouthAmerica
654,HG01459,SouthAmerica
655,HG01461,SouthAmerica
656,HG01462,SouthAmerica
657,HG01463,SouthAmerica
658,HG01464,SouthAmerica
659,HG01465,SouthAmerica
660,HG01466,SouthAmerica
661,HG01468,SouthAmerica
662,HG01471,SouthAmerica
663,HG01473,SouthAmerica
664,HG01474,SouthAmerica
665,HG01477,SouthAmerica
666,HG01479,SouthAmerica
667,HG01480,SouthAmerica
668,HG01481,SouthAmerica
669,HG01482,SouthAmerica
670,HG01483,SouthAmerica
671,HG01484,SouthAmerica
672,HG01485,SouthAmerica
673,HG01486,SouthAmerica
674,HG01487,SouthAmerica
675,HG01488,SouthAmerica
676,HG01489,SouthAmerica
677,HG01490,SouthAmerica
678,HG01491,SouthAmerica
679,HG01492,SouthAmerica
680,HG01493,SouthAmerica
681,HG01494,SouthAmerica
682,HG01495,SouthAmerica
683,HG01496,SouthAmerica
684,HG01497,SouthAmerica
685,HG01498,SouthAmerica
686,HG01499,SouthAmerica
687,HG01500,Europe
688,HG01501,Europe
689,HG01502,Europe
690,HG01503,Europe
691,HG01504,Europe
692,HG01505,Europe
693,HG01506,Europe
694,HG01507,Europe
695,HG01508,Europe
696,HG01509,Europe
697,HG01510,Europe
698,HG01511,Europe
699,HG01512,Europe
700,HG01513,Europe
701,HG01514,Europe
702,HG01515,Europe
703,HG01516,Europe
704,HG01517,Europe
705,HG01518,Europe
706,HG01519,Europe
707,HG01520,Europe
708,HG01521,Europe
709,HG01522,Europe
710,HG01523,Europe
711,HG01524,Europe
712,HG01525,Europe
713,HG01526,Europe
714,HG01527,Europe
715,HG01528,Europe
716,HG01529,Europe
717,HG01530,Europe
718,HG01531,Europe
719,HG01532,Europe
720,HG01536,Europe
721,HG01537,Europe
722,HG01538,Europe
723,HG01550,SouthAmerica
724,HG01551,SouthAmerica
725,HG01552,SouthAmerica
726,HG01556,SouthAmerica
727,HG01565,SouthAmerica
728,HG01566,SouthAmerica
729,HG01567,SouthAmerica
730,HG01571,SouthAmerica
731,HG01572,SouthAmerica
732,HG01573,SouthAmerica
733,HG01577,SouthAmerica
734,HG01578,SouthAmerica
735,HG01579,SouthAmerica
736,HG01583,Asia
737,HG01586,Asia
738,HG01589,Asia
739,HG01590,Asia
740,HG01593,Asia
741,HG01594,Asia
742,HG01595,Africa
743,HG01596,Africa
744,HG01597,Africa
745,HG01598,Africa
746,HG01599,Africa
747,HG01600,Africa
748,HG01601,Europe
749,HG01602,Europe
750,HG01603,Europe
751,HG01604,Europe
752,HG01605,Europe
753,HG01606,Europe
754,HG01607,Europe
755,HG01608,Europe
756,HG01609,Europe
757,HG01610,Europe
758,HG01611,Europe
759,HG01612,Europe
760,HG01613,Europe
761,HG01614,Europe
762,HG01615,Europe
763,HG01616,Europe
764,HG01617,Europe
765,HG01618,Europe
766,HG01619,Europe
767,HG01620,Europe
768,HG01621,Europe
769,HG01622,Europe
770,HG01623,Europe
771,HG01624,Europe
772,HG01625,Europe
773,HG01626,Europe
774,HG01627,Europe
775,HG01628,Europe
776,HG01629,Europe
777,HG01630,Europe
778,HG01631,Europe
779,HG01632,Europe
780,HG01633,Europe
781,HG01667,Europe
782,HG01668,Europe
783,HG01669,Europe
784,HG01670,Europe
785,HG01671,Europe
786,HG01672,Europe
787,HG01673,Europe
788,HG01674,Europe
789,HG01675,Europe
790,HG01676,Europe
791,HG01677,Europe
792,HG01678,Europe
793,HG01679,Europe
794,HG01680,Europe
795,HG01681,Europe
796,HG01682,Europe
797,HG01683,Europe
798,HG01684,Europe
799,HG01685,Europe
800,HG01686,Europe
801,HG01687,Europe
802,HG01694,Europe
803,HG01695,Europe
804,HG01696,Europe
805,HG01697,Europe
806,HG01698,Europe
807,HG01699,Europe
808,HG01700,Europe
809,HG01701,Europe
810,HG01702,Europe
811,HG01703,Europe
812,HG01704,Europe
813,HG01705,Europe
814,HG01706,Europe
815,HG01707,Europe
816,HG01708,Europe
817,HG01709,Europe
818,HG01710,Europe
819,HG01711,Europe
820,HG01746,Europe
821,HG01747,Europe
822,HG01748,Europe
823,HG01755,Europe
824,HG01756,Europe
825,HG01757,Europe
826,HG01761,Europe
827,HG01762,Europe
828,HG01763,Europe
829,HG01764,Europe
830,HG01765,Europe
831,HG01766,Europe
832,HG01767,Europe
833,HG01768,Europe
834,HG01769,Europe
835,HG01770,Europe
836,HG01771,Europe
837,HG01772,Europe
838,HG01773,Europe
839,HG01774,Europe
840,HG01775,Europe
841,HG01776,Europe
842,HG01777,Europe
843,HG01778,Europe
844,HG01779,Europe
845,HG01780,Europe
846,HG01781,Europe
847,HG01782,Europe
848,HG01783,Europe
849,HG01784,Europe
850,HG01785,Europe
851,HG01786,Europe
852,HG01787,Europe
853,HG01789,Europe
854,HG01790,Europe
855,HG01791,Europe
856,HG01794,Asia
857,HG01795,Asia
858,HG01796,Asia
859,HG01797,Asia
860,HG01798,Asia
861,HG01799,Asia
862,HG01800,Asia
863,HG01801,Asia
864,HG01802,Asia
865,HG01804,Asia
866,HG01805,Asia
867,HG01806,Asia
868,HG01807,Asia
869,HG01808,Asia
870,HG01809,Asia
871,HG01810,Asia
872,HG01811,Asia
873,HG01812,Asia
874,HG01813,Asia
875,HG01815,Asia
876,HG01816,Asia
877,HG01817,Asia
878,HG01840,Africa
879,HG01841,Africa
880,HG01842,Africa
881,HG01843,Africa
882,HG01844,Africa
883,HG01845,Africa
884,HG01846,Africa
885,HG01847,Africa
886,HG01848,Africa
887,HG01849,Africa
888,HG01850,Africa
889,HG01851,Africa
890,HG01852,Africa
891,HG01853,Africa
892,HG01855,Africa
893,HG01857,Africa
894,HG01858,Africa
895,HG01859,Africa
896,HG01860,Africa
897,HG01861,Africa
898,HG01862,Africa
899,HG01863,Africa
900,HG01864,Africa
901,HG01865,Africa
902,HG01866,Africa
903,HG01867,Africa
904,HG01868,Africa
905,HG01869,Africa
906,HG01870,Africa
907,HG01871,Africa
908,HG01872,Africa
909,HG01873,Africa
910,HG01874,Africa
911,HG01878,Africa
912,HG01879,NorthAmerica
913,HG01880,NorthAmerica
914,HG01881,NorthAmerica
915,HG01882,NorthAmerica
916,HG01883,NorthAmerica
917,HG01884,NorthAmerica
918,HG01885,NorthAmerica
919,HG01886,NorthAmerica
920,HG01887,NorthAmerica
921,HG01888,NorthAmerica
922,HG01889,NorthAmerica
923,HG01890,NorthAmerica
924,HG01891,NorthAmerica
925,HG01892,SouthAmerica
926,HG01893,SouthAmerica
927,HG01894,NorthAmerica
928,HG01895,NorthAmerica
929,HG01896,NorthAmerica
930,HG01897,NorthAmerica
931,HG01898,SouthAmerica
932,HG01912,NorthAmerica
933,HG01914,NorthAmerica
934,HG01915,NorthAmerica
935,HG01916,NorthAmerica
936,HG01917,SouthAmerica
937,HG01918,SouthAmerica
938,HG01919,SouthAmerica
939,HG01920,SouthAmerica
940,HG01921,SouthAmerica
941,HG01922,SouthAmerica
942,HG01923,SouthAmerica
943,HG01924,SouthAmerica
944,HG01925,SouthAmerica
945,HG01926,SouthAmerica
946,HG01927,SouthAmerica
947,HG01928,SouthAmerica
948,HG01932,SouthAmerica
949,HG01933,SouthAmerica
950,HG01934,SouthAmerica
951,HG01935,SouthAmerica
952,HG01936,SouthAmerica
953,HG01937,SouthAmerica
954,HG01938,SouthAmerica
955,HG01939,SouthAmerica
956,HG01940,SouthAmerica
957,HG01941,SouthAmerica
958,HG01942,SouthAmerica
959,HG01943,SouthAmerica
960,HG01944,SouthAmerica
961,HG01945,SouthAmerica
962,HG01946,SouthAmerica
963,HG01947,SouthAmerica
964,HG01948,SouthAmerica
965,HG01949,SouthAmerica
966,HG01950,SouthAmerica
967,HG01951,SouthAmerica
968,HG01952,SouthAmerica
969,HG01953,SouthAmerica
970,HG01954,SouthAmerica
971,HG01955,SouthAmerica
972,HG01956,NorthAmerica
973,HG01958,NorthAmerica
974,HG01959,NorthAmerica
975,HG01960,NorthAmerica
976,HG01961,SouthAmerica
977,HG01965,SouthAmerica
978,HG01967,SouthAmerica
979,HG01968,SouthAmerica
980,HG01969,SouthAmerica
981,HG01970,SouthAmerica
982,HG01971,SouthAmerica
983,HG01972,SouthAmerica
984,HG01973,SouthAmerica
985,HG01974,SouthAmerica
986,HG01975,SouthAmerica
987,HG01976,SouthAmerica
988,HG01977,SouthAmerica
989,HG01978,SouthAmerica
990,HG01979,SouthAmerica
991,HG01980,SouthAmerica
992,HG01981,SouthAmerica
993,HG01982,SouthAmerica
994,HG01983,SouthAmerica
995,HG01984,SouthAmerica
996,HG01985,NorthAmerica
997,HG01986,NorthAmerica
998,HG01987,NorthAmerica
999,HG01988,NorthAmerica
1000,HG01989,NorthAmerica
1001,HG01990,NorthAmerica
1002,HG01991,SouthAmerica
1003,HG01992,SouthAmerica
1004,HG01993,SouthAmerica
1005,HG01995,SouthAmerica
1006,HG01997,SouthAmerica
1007,HG01998,SouthAmerica
1008,HG02002,SouthAmerica
1009,HG02003,SouthAmerica
1010,HG02004,SouthAmerica
1011,HG02006,SouthAmerica
1012,HG02008,SouthAmerica
1013,HG02009,NorthAmerica
1014,HG02010,NorthAmerica
1015,HG02011,NorthAmerica
1016,HG02012,NorthAmerica
1017,HG02013,NorthAmerica
1018,HG02014,NorthAmerica
1019,HG02015,Africa
1020,HG02016,Africa
1021,HG02017,Africa
1022,HG02018,Africa
1023,HG02019,Africa
1024,HG02020,Africa
1025,HG02021,Africa
1026,HG02023,Africa
1027,HG02024,Africa
1028,HG02025,Africa
1029,HG02026,Africa
1030,HG02027,Africa
1031,HG02028,Africa
1032,HG02029,Africa
1033,HG02030,Africa
1034,HG02031,Africa
1035,HG02032,Africa
1036,HG02035,Africa
1037,HG02040,Africa
1038,HG02046,Africa
1039,HG02047,Africa
1040,HG02048,Africa
1041,HG02049,Africa
1042,HG02050,Africa
1043,HG02051,NorthAmerica
1044,HG02052,NorthAmerica
1045,HG02053,NorthAmerica
1046,HG02054,NorthAmerica
1047,HG02055,NorthAmerica
1048,HG02056,Africa
1049,HG02057,Africa
1050,HG02058,Africa
1051,HG02059,Africa
1052,HG02060,Africa
1053,HG02061,Africa
1054,HG02064,Africa
1055,HG02067,Africa
1056,HG02068,Africa
1057,HG02069,Africa
1058,HG02070,Africa
1059,HG02071,Africa
1060,HG02072,Africa
1061,HG02073,Africa
1062,HG02074,Africa
1063,HG02075,Africa
1064,HG02076,Africa
1065,HG02077,Africa
1066,HG02078,Africa
1067,HG02079,Africa
1068,HG02080,Africa
1069,HG02081,Africa
1070,HG02082,Africa
1071,HG02083,Africa
1072,HG02084,Africa
1073,HG02085,Africa
1074,HG02086,Africa
1075,HG02087,Africa
1076,HG02088,Africa
1077,HG02089,SouthAmerica
1078,HG02090,SouthAmerica
1079,HG02091,SouthAmerica
1080,HG02095,NorthAmerica
1081,HG02102,SouthAmerica
1082,HG02104,SouthAmerica
1083,HG02105,SouthAmerica
1084,HG02106,SouthAmerica
1085,HG02107,NorthAmerica
1086,HG02108,NorthAmerica
1087,HG02111,NorthAmerica
1088,HG02113,Africa
1089,HG02116,Africa
1090,HG02120,Africa
1091,HG02121,Africa
1092,HG02122,Africa
1093,HG02126,Africa
1094,HG02127,Africa
1095,HG02128,Africa
1096,HG02129,Africa
1097,HG02130,Africa
1098,HG02131,Africa
1099,HG02132,Africa
1100,HG02133,Africa
1101,HG02134,Africa
1102,HG02135,Africa
1103,HG02136,Africa
1104,HG02137,Africa
1105,HG02138,Africa
1106,HG02139,Africa
1107,HG02140,Africa
1108,HG02141,Africa
1109,HG02142,Africa
1110,HG02143,NorthAmerica
1111,HG02144,NorthAmerica
1112,HG02145,NorthAmerica
1113,HG02146,SouthAmerica
1114,HG02147,SouthAmerica
1115,HG02148,SouthAmerica
1116,HG02150,SouthAmerica
1117,HG02151,Asia
1118,HG02152,Asia
1119,HG02153,Asia
1120,HG02154,Asia
1121,HG02155,Asia
1122,HG02156,Asia
1123,HG02164,Asia
1124,HG02165,Asia
1125,HG02166,Asia
1126,HG02168,Asia
1127,HG02169,Asia
1128,HG02170,Asia
1129,HG02173,Asia
1130,HG02176,Asia
1131,HG02178,Asia
1132,HG02179,Asia
1133,HG02180,Asia
1134,HG02181,Asia
1135,HG02182,Asia
1136,HG02184,Asia
1137,HG02185,Asia
1138,HG02186,Asia
1139,HG02187,Asia
1140,HG02188,Asia
1141,HG02189,Asia
1142,HG02190,Asia
1143,HG02215,Europe
1144,HG02217,Europe
1145,HG02218,Europe
1146,HG02219,Europe
1147,HG02220,Europe
1148,HG02221,Europe
1149,HG02222,Europe
1150,HG02223,Europe
1151,HG02224,Europe
1152,HG02225,Europe
1153,HG02229,Europe
1154,HG02230,Europe
1155,HG02231,Europe
1156,HG02232,Europe
1157,HG02233,Europe
1158,HG02234,Europe
1159,HG02235,Europe
1160,HG02236,Europe
1161,HG02237,Europe
1162,HG02238,Europe
1163,HG02239,Europe
1164,HG02240,Europe
1165,HG02250,Asia
1166,HG02252,SouthAmerica
1167,HG02253,SouthAmerica
1168,HG02254,SouthAmerica
1169,HG02255,NorthAmerica
1170,HG02256,NorthAmerica
1171,HG02257,NorthAmerica
1172,HG02258,NorthAmerica
1173,HG02259,SouthAmerica
1174,HG02260,SouthAmerica
1175,HG02261,SouthAmerica
1176,HG02262,SouthAmerica
1177,HG02265,SouthAmerica
1178,HG02266,SouthAmerica
1179,HG02267,SouthAmerica
1180,HG02271,SouthAmerica
1181,HG02272,SouthAmerica
1182,HG02273,SouthAmerica
1183,HG02274,SouthAmerica
1184,HG02275,SouthAmerica
1185,HG02276,SouthAmerica
1186,HG02277,SouthAmerica
1187,HG02278,SouthAmerica
1188,HG02279,SouthAmerica
1189,HG02280,NorthAmerica
1190,HG02281,NorthAmerica
1191,HG02282,NorthAmerica
1192,HG02283,NorthAmerica
1193,HG02284,NorthAmerica
1194,HG02285,SouthAmerica
1195,HG02286,SouthAmerica
1196,HG02287,SouthAmerica
1197,HG02288,SouthAmerica
1198,HG02291,SouthAmerica
1199,HG02292,SouthAmerica
1200,HG02293,SouthAmerica
1201,HG02298,SouthAmerica
1202,HG02299,SouthAmerica
1203,HG02300,SouthAmerica
1204,HG02301,SouthAmerica
1205,HG02302,SouthAmerica
1206,HG02303,SouthAmerica
1207,HG02304,SouthAmerica
1208,HG02307,NorthAmerica
1209,HG02308,NorthAmerica
1210,HG02309,NorthAmerica
1211,HG02312,SouthAmerica
1212,HG02314,NorthAmerica
1213,HG02315,NorthAmerica
1214,HG02316,NorthAmerica
1215,HG02317,NorthAmerica
1216,HG02318,NorthAmerica
1217,HG02321,NorthAmerica
1218,HG02322,NorthAmerica
1219,HG02323,NorthAmerica
1220,HG02325,NorthAmerica
1221,HG02330,NorthAmerica
1222,HG02332,NorthAmerica
1223,HG02334,NorthAmerica
1224,HG02337,NorthAmerica
1225,HG02339,NorthAmerica
1226,HG02343,NorthAmerica
1227,HG02344,SouthAmerica
1228,HG02345,SouthAmerica
1229,HG02347,SouthAmerica
1230,HG02348,SouthAmerica
1231,HG02351,Asia
1232,HG02353,Asia
1233,HG02355,Asia
1234,HG02356,Asia
1235,HG02358,Asia
1236,HG02360,Asia
1237,HG02363,Asia
1238,HG02364,Asia
1239,HG02367,Asia
1240,HG02371,Asia
1241,HG02372,Asia
1242,HG02373,Asia
1243,HG02374,Asia
1244,HG02375,Asia
1245,HG02377,Asia
1246,HG02379,Asia
1247,HG02380,Asia
1248,HG02381,Asia
1249,HG02382,Asia
1250,HG02383,Asia
1251,HG02384,Asia
1252,HG02385,Asia
1253,HG02386,Asia
1254,HG02387,Asia
1255,HG02388,Asia
1256,HG02389,Asia
1257,HG02390,Asia
1258,HG02391,Asia
1259,HG02392,Asia
1260,HG02394,Asia
1261,HG02395,Asia
1262,HG02396,Asia
1263,HG02397,Asia
1264,HG02398,Asia
1265,HG02399,Asia
1266,HG02401,Asia
1267,HG02402,Asia
1268,HG02405,Asia
1269,HG02406,Asia
1270,HG02407,Asia
1271,HG02408,Asia
1272,HG02409,Asia
1273,HG02410,Asia
1274,HG02415,SouthAmerica
1275,HG02419,NorthAmerica
1276,HG02420,NorthAmerica
1277,HG02425,SouthAmerica
1278,HG02427,NorthAmerica
1279,HG02428,NorthAmerica
1280,HG02429,NorthAmerica
1281,HG02433,NorthAmerica
1282,HG02436,NorthAmerica
1283,HG02439,NorthAmerica
1284,HG02442,NorthAmerica
1285,HG02445,NorthAmerica
1286,HG02449,NorthAmerica
1287,HG02450,NorthAmerica
1288,HG02451,NorthAmerica
1289,HG02455,NorthAmerica
1290,HG02461,Africa
1291,HG02462,Africa
1292,HG02463,Africa
1293,HG02464,Africa
1294,HG02465,Africa
1295,HG02466,Africa
1296,HG02470,NorthAmerica
1297,HG02471,NorthAmerica
1298,HG02476,NorthAmerica
1299,HG02477,NorthAmerica
1300,HG02478,NorthAmerica
1301,HG02479,NorthAmerica
1302,HG02480,NorthAmerica
1303,HG02481,NorthAmerica
1304,HG02484,NorthAmerica
1305,HG02485,NorthAmerica
1306,HG02486,NorthAmerica
1307,HG02489,NorthAmerica
1308,HG02490,Asia
1309,HG02491,Asia
1310,HG02492,Asia
1311,HG02493,Asia
1312,HG02494,Asia
1313,HG02495,Asia
1314,HG02496,NorthAmerica
1315,HG02497,NorthAmerica
1316,HG02501,NorthAmerica
1317,HG02502,NorthAmerica
1318,HG02505,NorthAmerica
1319,HG02508,NorthAmerica
1320,HG02511,NorthAmerica
1321,HG02512,Africa
1322,HG02513,Africa
1323,HG02514,Africa
1324,HG02521,Africa
1325,HG02522,Africa
1326,HG02523,Africa
1327,HG02524,Africa
1328,HG02525,Africa
1329,HG02526,Africa
1330,HG02536,NorthAmerica
1331,HG02537,NorthAmerica
1332,HG02541,NorthAmerica
1333,HG02545,NorthAmerica
1334,HG02546,NorthAmerica
1335,HG02547,NorthAmerica
1336,HG02549,NorthAmerica
1337,HG02554,NorthAmerica
1338,HG02555,NorthAmerica
1339,HG02557,NorthAmerica
1340,HG02558,NorthAmerica
1341,HG02559,NorthAmerica
1342,HG02561,Africa
1343,HG02562,Africa
1344,HG02563,Africa
1345,HG02567,Africa
1346,HG02568,Africa
1347,HG02569,Africa
1348,HG02570,Africa
1349,HG02571,Africa
1350,HG02572,Africa
1351,HG02573,Africa
1352,HG02574,Africa
1353,HG02575,Africa
1354,HG02577,NorthAmerica
1355,HG02580,NorthAmerica
1356,HG02582,Africa
1357,HG02583,Africa
1358,HG02584,Africa
1359,HG02585,Africa
1360,HG02586,Africa
1361,HG02587,Africa
1362,HG02588,Africa
1363,HG02589,Africa
1364,HG02590,Africa
1365,HG02594,Africa
1366,HG02595,Africa
1367,HG02596,Africa
1368,HG02597,Asia
1369,HG02599,Asia
1370,HG02600,Asia
1371,HG02601,Asia
1372,HG02602,Asia
1373,HG02603,Asia
1374,HG02604,Asia
1375,HG02605,Asia
1376,HG02610,Africa
1377,HG02611,Africa
1378,HG02612,Africa
1379,HG02613,Africa
1380,HG02614,Africa
1381,HG02615,Africa
1382,HG02620,Africa
1383,HG02621,Africa
1384,HG02622,Africa
1385,HG02623,Africa
1386,HG02624,Africa
1387,HG02625,Africa
1388,HG02628,Africa
1389,HG02629,Africa
1390,HG02630,Africa
1391,HG02634,Africa
1392,HG02635,Africa
1393,HG02636,Africa
1394,HG02642,Africa
1395,HG02643,Africa
1396,HG02644,Africa
1397,HG02645,Africa
1398,HG02646,Africa
1399,HG02647,Africa
1400,HG02648,Asia
1401,HG02649,Asia
1402,HG02650,Asia
1403,HG02651,Asia
1404,HG02652,Asia
1405,HG02653,Asia
1406,HG02654,Asia
1407,HG02655,Asia
1408,HG02656,Asia
1409,HG02657,Asia
1410,HG02658,Asia
1411,HG02659,Asia
1412,HG02660,Asia
1413,HG02661,Asia
1414,HG02662,Asia
1415,HG02666,Africa
1416,HG02667,Africa
1417,HG02668,Africa
1418,HG02675,Africa
1419,HG02676,Africa
1420,HG02677,Africa
1421,HG02678,Africa
1422,HG02679,Africa
1423,HG02680,Africa
1424,HG02681,Asia
1425,HG02682,Asia
1426,HG02683,Asia
1427,HG02684,Asia
1428,HG02685,Asia
1429,HG02686,Asia
1430,HG02687,Asia
1431,HG02688,Asia
1432,HG02689,Asia
1433,HG02690,Asia
1434,HG02691,Asia
1435,HG02692,Asia
1436,HG02694,Asia
1437,HG02696,Asia
1438,HG02697,Asia
1439,HG02698,Asia
1440,HG02699,Asia
1441,HG02700,Asia
1442,HG02701,Asia
1443,HG02702,Africa
1444,HG02703,Africa
1445,HG02704,Africa
1446,HG02715,Africa
1447,HG02716,Africa
1448,HG02717,Africa
1449,HG02721,Africa
1450,HG02722,Africa
1451,HG02723,Africa
1452,HG02724,Asia
1453,HG02725,Asia
1454,HG02726,Asia
1455,HG02727,Asia
1456,HG02728,Asia
1457,HG02729,Asia
1458,HG02731,Asia
1459,HG02733,Asia
1460,HG02734,Asia
1461,HG02735,Asia
1462,HG02736,Asia
1463,HG02737,Asia
1464,HG02738,Asia
1465,HG02756,Africa
1466,HG02757,Africa
1467,HG02758,Africa
1468,HG02759,Africa
1469,HG02760,Africa
1470,HG02761,Africa
1471,HG02762,Africa
1472,HG02763,Africa
1473,HG02764,Africa
1474,HG02768,Africa
1475,HG02769,Africa
1476,HG02770,Africa
1477,HG02771,Africa
1478,HG02772,Africa
1479,HG02773,Africa
1480,HG02774,Asia
1481,HG02775,Asia
1482,HG02776,Asia
1483,HG02778,Asia
1484,HG02779,Asia
1485,HG02780,Asia
1486,HG02781,Asia
1487,HG02783,Asia
1488,HG02784,Asia
1489,HG02785,Asia
1490,HG02786,Asia
1491,HG02787,Asia
1492,HG02788,Asia
1493,HG02789,Asia
1494,HG02790,Asia
1495,HG02791,Asia
1496,HG02792,Asia
1497,HG02793,Asia
1498,HG02794,Asia
1499,HG02798,Africa
1500,HG02799,Africa
1501,HG02800,Africa
1502,HG02804,Africa
1503,HG02805,Africa
1504,HG02806,Africa
1505,HG02807,Africa
1506,HG02808,Africa
1507,HG02809,Africa
1508,HG02810,Africa
1509,HG02811,Africa
1510,HG02812,Africa
1511,HG02813,Africa
1512,HG02814,Africa
1513,HG02815,Africa
1514,HG02816,Africa
1515,HG02817,Africa
1516,HG02818,Africa
1517,HG02819,Africa
1518,HG02820,Africa
1519,HG02821,Africa
1520,HG02836,Africa
1521,HG02837,Africa
1522,HG02838,Africa
1523,HG02839,Africa
1524,HG02840,Africa
1525,HG02841,Africa
1526,HG02851,Africa
1527,HG02852,Africa
1528,HG02853,Africa
1529,HG02854,Africa
1530,HG02855,Africa
1531,HG02856,Africa
1532,HG02860,Africa
1533,HG02861,Africa
1534,HG02862,Africa
1535,HG02869,Africa
1536,HG02870,Africa
1537,HG02871,Africa
1538,HG02878,Africa
1539,HG02879,Africa
1540,HG02880,Africa
1541,HG02881,Africa
1542,HG02882,Africa
1543,HG02883,Africa
1544,HG02884,Africa
1545,HG02885,Africa
1546,HG02886,Africa
1547,HG02887,Africa
1548,HG02888,Africa
1549,HG02889,Africa
1550,HG02890,Africa
1551,HG02891,Africa
1552,HG02892,Africa
1553,HG02895,Africa
1554,HG02896,Africa
1555,HG02897,Africa
1556,HG02922,Africa
1557,HG02923,Africa
1558,HG02924,Africa
1559,HG02938,Africa
1560,HG02939,Africa
1561,HG02941,Africa
1562,HG02942,Africa
1563,HG02943,Africa
1564,HG02944,Africa
1565,HG02945,Africa
1566,HG02946,Africa
1567,HG02947,Africa
1568,HG02948,Africa
1569,HG02952,Africa
1570,HG02953,Africa
1571,HG02954,Africa
1572,HG02964,Africa
1573,HG02965,Africa
1574,HG02966,Africa
1575,HG02968,Africa
1576,HG02969,Africa
1577,HG02970,Africa
1578,HG02971,Africa
1579,HG02972,Africa
1580,HG02973,Africa
1581,HG02974,Africa
1582,HG02975,Africa
1583,HG02976,Africa
1584,HG02977,Africa
1585,HG02978,Africa
1586,HG02979,Africa
1587,HG02980,Africa
1588,HG02981,Africa
1589,HG02982,Africa
1590,HG02983,Africa
1591,HG02984,Africa
1592,HG03006,Asia
1593,HG03007,Asia
1594,HG03008,Asia
1595,HG03009,Asia
1596,HG03012,Asia
1597,HG03015,Asia
1598,HG03016,Asia
1599,HG03017,Asia
1600,HG03018,Asia
1601,HG03019,Asia
1602,HG03021,Asia
1603,HG03022,Asia
1604,HG03023,Asia
1605,HG03024,Africa
1606,HG03025,Africa
1607,HG03026,Africa
1608,HG03027,Africa
1609,HG03028,Africa
1610,HG03029,Africa
1611,HG03033,Africa
1612,HG03034,Africa
1613,HG03035,Africa
1614,HG03039,Africa
1615,HG03040,Africa
1616,HG03041,Africa
1617,HG03045,Africa
1618,HG03046,Africa
1619,HG03047,Africa
1620,HG03048,Africa
1621,HG03049,Africa
1622,HG03050,Africa
1623,HG03052,Africa
1624,HG03053,Africa
1625,HG03054,Africa
1626,HG03055,Africa
1627,HG03056,Africa
1628,HG03057,Africa
1629,HG03058,Africa
1630,HG03059,Africa
1631,HG03060,Africa
1632,HG03061,Africa
1633,HG03062,Africa
1634,HG03063,Africa
1635,HG03064,Africa
1636,HG03065,Africa
1637,HG03066,Africa
1638,HG03069,Africa
1639,HG03072,Africa
1640,HG03073,Africa
1641,HG03074,Africa
1642,HG03076,Africa
1643,HG03077,Africa
1644,HG03078,Africa
1645,HG03079,Africa
1646,HG03080,Africa
1647,HG03081,Africa
1648,HG03082,Africa
1649,HG03084,Africa
1650,HG03085,Africa
1651,HG03086,Africa
1652,HG03088,Africa
1653,HG03091,Africa
1654,HG03095,Africa
1655,HG03096,Africa
1656,HG03097,Africa
1657,HG03098,Africa
1658,HG03099,Africa
1659,HG03100,Africa
1660,HG03101,Africa
1661,HG03103,Africa
1662,HG03104,Africa
1663,HG03105,Africa
1664,HG03107,Africa
1665,HG03108,Africa
1666,HG03109,Africa
1667,HG03110,Africa
1668,HG03111,Africa
1669,HG03112,Africa
1670,HG03113,Africa
1671,HG03114,Africa
1672,HG03115,Africa
1673,HG03116,Africa
1674,HG03117,Africa
1675,HG03118,Africa
1676,HG03119,Africa
1677,HG03120,Africa
1678,HG03121,Africa
1679,HG03122,Africa
1680,HG03123,Africa
1681,HG03124,Africa
1682,HG03125,Africa
1683,HG03126,Africa
1684,HG03127,Africa
1685,HG03128,Africa
1686,HG03129,Africa
1687,HG03130,Africa
1688,HG03131,Africa
1689,HG03132,Africa
1690,HG03133,Africa
1691,HG03134,Africa
1692,HG03135,Africa
1693,HG03136,Africa
1694,HG03137,Africa
1695,HG03139,Africa
1696,HG03140,Africa
1697,HG03157,Africa
1698,HG03158,Africa
1699,HG03159,Africa
1700,HG03160,Africa
1701,HG03161,Africa
1702,HG03162,Africa
1703,HG03163,Africa
1704,HG03164,Africa
1705,HG03166,Africa
1706,HG03167,Africa
1707,HG03168,Africa
1708,HG03169,Africa
1709,HG03170,Africa
1710,HG03171,Africa
1711,HG03172,Africa
1712,HG03173,Africa
1713,HG03175,Africa
1714,HG03176,Africa
1715,HG03189,Africa
1716,HG03190,Africa
1717,HG03191,Africa
1718,HG03193,Africa
1719,HG03194,Africa
1720,HG03195,Africa
1721,HG03196,Africa
1722,HG03197,Africa
1723,HG03198,Africa
1724,HG03199,Africa
1725,HG03200,Africa
1726,HG03202,Africa
1727,HG03203,Africa
1728,HG03209,Africa
1729,HG03212,Africa
1730,HG03224,Africa
1731,HG03225,Africa
1732,HG03228,Asia
1733,HG03229,Asia
1734,HG03230,Asia
1735,HG03234,Asia
1736,HG03235,Asia
1737,HG03236,Asia
1738,HG03237,Asia
1739,HG03238,Asia
1740,HG03239,Asia
1741,HG03240,Africa
1742,HG03241,Africa
1743,HG03242,Africa
1744,HG03246,Africa
1745,HG03247,Africa
1746,HG03248,Africa
1747,HG03249,Africa
1748,HG03250,Africa
1749,HG03251,Africa
1750,HG03258,Africa
1751,HG03259,Africa
1752,HG03260,Africa
1753,HG03265,Africa
1754,HG03266,Africa
1755,HG03267,Africa
1756,HG03268,Africa
1757,HG03269,Africa
1758,HG03270,Africa
1759,HG03271,Africa
1760,HG03272,Africa
1761,HG03279,Africa
1762,HG03280,Africa
1763,HG03291,Africa
1764,HG03293,Africa
1765,HG03294,Africa
1766,HG03295,Africa
1767,HG03296,Africa
1768,HG03297,Africa
1769,HG03298,Africa
1770,HG03299,Africa
1771,HG03300,Africa
1772,HG03301,Africa
1773,HG03302,Africa
1774,HG03303,Africa
1775,HG03304,Africa
1776,HG03305,Africa
1777,HG03306,Africa
1778,HG03307,Africa
1779,HG03308,Africa
1780,HG03309,Africa
1781,HG03310,Africa
1782,HG03311,Africa
1783,HG03312,Africa
1784,HG03313,Africa
1785,HG03314,Africa
1786,HG03339,Africa
1787,HG03341,Africa
1788,HG03342,Africa
1789,HG03343,Africa
1790,HG03344,Africa
1791,HG03350,Africa
1792,HG03351,Africa
1793,HG03352,Africa
1794,HG03354,Africa
1795,HG03361,Africa
1796,HG03362,Africa
1797,HG03363,Africa
1798,HG03365,Africa
1799,HG03366,Africa
1800,HG03367,Africa
1801,HG03368,Africa
1802,HG03369,Africa
1803,HG03370,Africa
1804,HG03371,Africa
1805,HG03372,Africa
1806,HG03373,Africa
1807,HG03374,Africa
1808,HG03376,Africa
1809,HG03378,Africa
1810,HG03380,Africa
1811,HG03381,Africa
1812,HG03382,Africa
1813,HG03383,Africa
1814,HG03384,Africa
1815,HG03385,Africa
1816,HG03388,Africa
1817,HG03390,Africa
1818,HG03391,Africa
1819,HG03393,Africa
1820,HG03394,Africa
1821,HG03397,Africa
1822,HG03398,Africa
1823,HG03399,Africa
1824,HG03401,Africa
1825,HG03402,Africa
1826,HG03408,Africa
1827,HG03410,Africa
1828,HG03411,Africa
1829,HG03419,Africa
1830,HG03428,Africa
1831,HG03431,Africa
1832,HG03432,Africa
1833,HG03433,Africa
1834,HG03436,Africa
1835,HG03437,Africa
1836,HG03438,Africa
1837,HG03439,Africa
1838,HG03442,Africa
1839,HG03445,Africa
1840,HG03446,Africa
1841,HG03449,Africa
1842,HG03450,Africa
1843,HG03451,Africa
1844,HG03452,Africa
1845,HG03453,Africa
1846,HG03454,Africa
1847,HG03455,Africa
1848,HG03456,Africa
1849,HG03457,Africa
1850,HG03458,Africa
1851,HG03459,Africa
1852,HG03460,Africa
1853,HG03461,Africa
1854,HG03462,Africa
1855,HG03464,Africa
1856,HG03465,Africa
1857,HG03466,Africa
1858,HG03468,Africa
1859,HG03469,Africa
1860,HG03470,Africa
1861,HG03471,Africa
1862,HG03472,Africa
1863,HG03473,Africa
1864,HG03474,Africa
1865,HG03476,Africa
1866,HG03477,Africa
1867,HG03478,Africa
1868,HG03479,Africa
1869,HG03480,Africa
1870,HG03484,Africa
1871,HG03485,Africa
1872,HG03486,Africa
1873,HG03487,Asia
1874,HG03488,Asia
1875,HG03489,Asia
1876,HG03490,Asia
1877,HG03491,Asia
1878,HG03492,Asia
1879,HG03493,Africa
1880,HG03499,Africa
1881,HG03508,Africa
1882,HG03510,Africa
1883,HG03511,Africa
1884,HG03513,Africa
1885,HG03514,Africa
1886,HG03515,Africa
1887,HG03516,Africa
1888,HG03517,Africa
1889,HG03518,Africa
1890,HG03519,Africa
1891,HG03520,Africa
1892,HG03521,Africa
1893,HG03522,Africa
1894,HG03538,Africa
1895,HG03539,Africa
1896,HG03540,Africa
1897,HG03547,Africa
1898,HG03548,Africa
1899,HG03549,Africa
1900,HG03556,Africa
1901,HG03557,Africa
1902,HG03558,Africa
1903,HG03559,Africa
1904,HG03563,Africa
1905,HG03564,Africa
1906,HG03565,Africa
1907,HG03566,Africa
1908,HG03567,Africa
1909,HG03569,Africa
1910,HG03571,Africa
1911,HG03572,Africa
1912,HG03574,Africa
1913,HG03575,Africa
1914,HG03576,Africa
1915,HG03577,Africa
1916,HG03578,Africa
1917,HG03579,Africa
1918,HG03582,Africa
1919,HG03583,Africa
1920,HG03584,Africa
1921,HG03585,Asia
1922,HG03587,Asia
1923,HG03589,Asia
1924,HG03590,Asia
1925,HG03593,Asia
1926,HG03594,Asia
1927,HG03595,Asia
1928,HG03596,Asia
1929,HG03598,Asia
1930,HG03599,Asia
1931,HG03600,Asia
1932,HG03602,Asia
1933,HG03603,Asia
1934,HG03604,Asia
1935,HG03605,Asia
1936,HG03606,Asia
1937,HG03607,Asia
1938,HG03611,Asia
1939,HG03615,Asia
1940,HG03616,Asia
1941,HG03617,Asia
1942,HG03618,Asia
1943,HG03619,Asia
1944,HG03620,Asia
1945,HG03621,Asia
1946,HG03624,Asia
1947,HG03625,Asia
1948,HG03626,Asia
1949,HG03629,Asia
1950,HG03631,Asia
1951,HG03633,Asia
1952,HG03634,Asia
1953,HG03635,Asia
1954,HG03636,Asia
1955,HG03638,Asia
1956,HG03639,Asia
1957,HG03640,Asia
1958,HG03641,Asia
1959,HG03642,Europe
1960,HG03643,Europe
1961,HG03644,Europe
1962,HG03645,Europe
1963,HG03646,Europe
1964,HG03649,Asia
1965,HG03650,Asia
1966,HG03651,Asia
1967,HG03652,Asia
1968,HG03653,Asia
1969,HG03654,Asia
1970,HG03656,Asia
1971,HG03657,Asia
1972,HG03660,Asia
1973,HG03663,Asia
1974,HG03667,Asia
1975,HG03668,Asia
1976,HG03669,Asia
1977,HG03672,Europe
1978,HG03673,Europe
1979,HG03679,Europe
1980,HG03680,Europe
1981,HG03681,Europe
1982,HG03682,Europe
1983,HG03683,Europe
1984,HG03684,Europe
1985,HG03685,Europe
1986,HG03686,Europe
1987,HG03687,Europe
1988,HG03688,Europe
1989,HG03689,Europe
1990,HG03690,Europe
1991,HG03691,Europe
1992,HG03692,Europe
1993,HG03693,Europe
1994,HG03694,Europe
1995,HG03695,Europe
1996,HG03696,Europe
1997,HG03697,Europe
1998,HG03698,Europe
1999,HG03699,Asia
2000,HG03700,Asia
2001,HG03701,Asia
2002,HG03702,Asia
2003,HG03703,Asia
2004,HG03704,Asia
2005,HG03705,Asia
2006,HG03706,Asia
2007,HG03707,Asia
2008,HG03708,Asia
2009,HG03709,Asia
2010,HG03710,Asia
2011,HG03711,Europe
2012,HG03713,Europe
2013,HG03714,Europe
2014,HG03715,Europe
2015,HG03716,Europe
2016,HG03717,Europe
2017,HG03718,Europe
2018,HG03719,Europe
2019,HG03720,Europe
2020,HG03721,Europe
2021,HG03722,Europe
2022,HG03723,Europe
2023,HG03725,Europe
2024,HG03727,Europe
2025,HG03729,Europe
2026,HG03730,Europe
2027,HG03731,Europe
2028,HG03732,Europe
2029,HG03733,Europe
2030,HG03736,Europe
2031,HG03738,Europe
2032,HG03740,Europe
2033,HG03741,Europe
2034,HG03742,Europe
2035,HG03743,Europe
2036,HG03744,Europe
2037,HG03745,Europe
2038,HG03746,Europe
2039,HG03750,Europe
2040,HG03752,Europe
2041,HG03753,Europe
2042,HG03754,Europe
2043,HG03755,Europe
2044,HG03756,Europe
2045,HG03757,Europe
2046,HG03760,Europe
2047,HG03761,Asia
2048,HG03762,Asia
2049,HG03763,Asia
2050,HG03765,Asia
2051,HG03766,Asia
2052,HG03767,Asia
2053,HG03769,Asia
2054,HG03770,Europe
2055,HG03771,Europe
2056,HG03772,Europe
2057,HG03773,Europe
2058,HG03774,Europe
2059,HG03775,Europe
2060,HG03777,Europe
2061,HG03778,Europe
2062,HG03779,Europe
2063,HG03780,Europe
2064,HG03781,Europe
2065,HG03782,Europe
2066,HG03783,Europe
2067,HG03784,Europe
2068,HG03785,Europe
2069,HG03786,Europe
2070,HG03787,Europe
2071,HG03788,Europe
2072,HG03789,Europe
2073,HG03790,Europe
2074,HG03792,Europe
2075,HG03793,Asia
2076,HG03794,Asia
2077,HG03795,Asia
2078,HG03796,Asia
2079,HG03797,Asia
2080,HG03798,Asia
2081,HG03799,Asia
2082,HG03800,Asia
2083,HG03801,Asia
2084,HG03802,Asia
2085,HG03803,Asia
2086,HG03804,Asia
2087,HG03805,Asia
2088,HG03806,Asia
2089,HG03807,Asia
2090,HG03808,Asia
2091,HG03809,Asia
2092,HG03811,Asia
2093,HG03812,Asia
2094,HG03813,Asia
2095,HG03814,Asia
2096,HG03815,Asia
2097,HG03816,Asia
2098,HG03817,Asia
2099,HG03821,Asia
2100,HG03822,Asia
2101,HG03823,Asia
2102,HG03824,Asia
2103,HG03825,Asia
2104,HG03826,Asia
2105,HG03829,Asia
2106,HG03830,Asia
2107,HG03831,Asia
2108,HG03832,Asia
2109,HG03833,Asia
2110,HG03834,Asia
2111,HG03835,Europe
2112,HG03836,Europe
2113,HG03837,Europe
2114,HG03838,Europe
2115,HG03840,Europe
2116,HG03842,Europe
2117,HG03844,Europe
2118,HG03845,Europe
2119,HG03846,Europe
2120,HG03847,Europe
2121,HG03848,Europe
2122,HG03849,Europe
2123,HG03850,Europe
2124,HG03851,Europe
2125,HG03854,Europe
2126,HG03856,Europe
2127,HG03857,Europe
2128,HG03858,Europe
2129,HG03861,Europe
2130,HG03862,Europe
2131,HG03863,Europe
2132,HG03864,Europe
2133,HG03866,Europe
2134,HG03867,Europe
2135,HG03868,Europe
2136,HG03869,Europe
2137,HG03870,Europe
2138,HG03871,Europe
2139,HG03872,Europe
2140,HG03873,Europe
2141,HG03874,Europe
2142,HG03875,Europe
2143,HG03876,Europe
2144,HG03879,Europe
2145,HG03882,Europe
2146,HG03884,Europe
2147,HG03885,Europe
2148,HG03886,Europe
2149,HG03887,Europe
2150,HG03888,Europe
2151,HG03890,Europe
2152,HG03894,Europe
2153,HG03895,Europe
2154,HG03896,Europe
2155,HG03897,Europe
2156,HG03898,Europe
2157,HG03899,Europe
2158,HG03900,Europe
2159,HG03901,Asia
2160,HG03902,Asia
2161,HG03903,Asia
2162,HG03904,Asia
2163,HG03905,Asia
2164,HG03906,Asia
2165,HG03907,Asia
2166,HG03908,Asia
2167,HG03909,Asia
2168,HG03910,Asia
2169,HG03911,Asia
2170,HG03913,Asia
2171,HG03914,Asia
2172,HG03915,Asia
2173,HG03916,Asia
2174,HG03917,Asia
2175,HG03919,Asia
2176,HG03920,Asia
2177,HG03922,Asia
2178,HG03924,Asia
2179,HG03925,Asia
2180,HG03926,Asia
2181,HG03927,Asia
2182,HG03928,Asia
2183,HG03929,Asia
2184,HG03930,Asia
2185,HG03931,Asia
2186,HG03934,Asia
2187,HG03937,Asia
2188,HG03939,Asia
2189,HG03940,Asia
2190,HG03941,Asia
2191,HG03942,Asia
2192,HG03943,Europe
2193,HG03944,Europe
2194,HG03945,Europe
2195,HG03947,Europe
2196,HG03948,Europe
2197,HG03949,Europe
2198,HG03950,Europe
2199,HG03951,Europe
2200,HG03953,Europe
2201,HG03955,Europe
2202,HG03960,Europe
2203,HG03963,Europe
2204,HG03965,Europe
2205,HG03967,Europe
2206,HG03968,Europe
2207,HG03969,Europe
2208,HG03971,Europe
2209,HG03972,Europe
2210,HG03973,Europe
2211,HG03974,Europe
2212,HG03976,Europe
2213,HG03977,Europe
2214,HG03978,Europe
2215,HG03982,Europe
2216,HG03985,Europe
2217,HG03986,Europe
2218,HG03988,Europe
2219,HG03989,Europe
2220,HG03990,Europe
2221,HG03991,Europe
2222,HG03992,Europe
2223,HG03995,Europe
2224,HG03998,Europe
2225,HG03999,Europe
2226,HG04001,Europe
2227,HG04002,Europe
2228,HG04003,Europe
2229,HG04006,Europe
2230,HG04014,Europe
2231,HG04015,Europe
2232,HG04017,Europe
2233,HG04018,Europe
2234,HG04019,Europe
2235,HG04020,Europe
2236,HG04022,Europe
2237,HG04023,Europe
2238,HG04024,Europe
2239,HG04025,Europe
2240,HG04026,Europe
2241,HG04029,Europe
2242,HG04033,Europe
2243,HG04035,Europe
2244,HG04036,Europe
2245,HG04037,Europe
2246,HG04038,Europe
2247,HG04039,Europe
2248,HG04040,Europe
2249,HG04042,Europe
2250,HG04047,Europe
2251,HG04050,Europe
2252,HG04053,Europe
2253,HG04054,Europe
2254,HG04055,Europe
2255,HG04056,Europe
2256,HG04058,Europe
2257,HG04059,Europe
2258,HG04060,Europe
2259,HG04061,Europe
2260,HG04062,Europe
2261,HG04063,Europe
2262,HG04067,Europe
2263,HG04070,Europe
2264,HG04075,Europe
2265,HG04076,Europe
2266,HG04080,Europe
2267,HG04090,Europe
2268,HG04093,Europe
2269,HG04094,Europe
2270,HG04096,Europe
2271,HG04098,Europe
2272,HG04099,Europe
2273,HG04100,Europe
2274,HG04106,Europe
2275,HG04107,Europe
2276,HG04114,Europe
2277,HG04115,Europe
2278,HG04118,Europe
2279,HG04122,Europe
2280,HG04127,Europe
2281,HG04128,Asia
2282,HG04131,Asia
2283,HG04132,Asia
2284,HG04133,Asia
2285,HG04134,Asia
2286,HG04135,Asia
2287,HG04136,Asia
2288,HG04140,Asia
2289,HG04141,Asia
2290,HG04142,Asia
2291,HG04144,Asia
2292,HG04146,Asia
2293,HG04147,Asia
2294,HG04148,Asia
2295,HG04149,Asia
2296,HG04150,Asia
2297,HG04151,Asia
2298,HG04152,Asia
2299,HG04153,Asia
2300,HG04155,Asia
2301,HG04156,Asia
2302,HG04157,Asia
2303,HG04158,Asia
2304,HG04159,Asia
2305,HG04160,Asia
2306,HG04161,Asia
2307,HG04162,Asia
2308,HG04164,Asia
2309,HG04171,Asia
2310,HG04173,Asia
2311,HG04174,Asia
2312,HG04175,Asia
2313,HG04176,Asia
2314,HG04177,Asia
2315,HG04180,Asia
2316,HG04181,Asia
2317,HG04182,Asia
2318,HG04183,Asia
2319,HG04184,Asia
2320,HG04185,Asia
2321,HG04186,Asia
2322,HG04187,Asia
2323,HG04188,Asia
2324,HG04189,Asia
2325,HG04191,Asia
2326,HG04192,Asia
2327,HG04193,Asia
2328,HG04194,Asia
2329,HG04195,Asia
2330,HG04197,Europe
2331,HG04198,Europe
2332,HG04199,Europe
2333,HG04200,Europe
2334,HG04202,Europe
2335,HG04204,Europe
2336,HG04206,Europe
2337,HG04208,Europe
2338,HG04209,Europe
2339,HG04210,Europe
2340,HG04211,Europe
2341,HG04212,Europe
2342,HG04214,Europe
2343,HG04215,Europe
2344,HG04216,Europe
2345,HG04217,Europe
2346,HG04219,Europe
2347,HG04222,Europe
2348,HG04225,Europe
2349,HG04227,Europe
2350,HG04228,Europe
2351,HG04229,Europe
2352,HG04235,Europe
2353,HG04238,Europe
2354,HG04239,Europe
2355,HG04301,Europe
2356,HG04302,Europe
2357,HG04303,Europe
2358,NA06984,Europe
2359,NA06985,Europe
2360,NA06986,Europe
2361,NA06989,Europe
2362,NA06991,Europe
2363,NA06993,Europe
2364,NA06994,Europe
2365,NA06995,Europe
2366,NA06997,Europe
2367,NA07000,Europe
2368,NA07014,Europe
2369,NA07019,Europe
2370,NA07022,Europe
2371,NA07029,Europe
2372,NA07031,Europe
2373,NA07034,Europe
2374,NA07037,Europe
2375,NA07045,Europe
2376,NA07048,Europe
2377,NA07051,Europe
2378,NA07055,Europe
2379,NA07056,Europe
2380,NA07340,Europe
2381,NA07345,Europe
2382,NA07346,Europe
2383,NA07347,Europe
2384,NA07348,Europe
2385,NA07349,Europe
2386,NA07357,Europe
2387,NA07435,Europe
2388,NA10830,Europe
2389,NA10831,Europe
2390,NA10835,Europe
2391,NA10836,Europe
2392,NA10837,Europe
2393,NA10838,Europe
2394,NA10839,Europe
2395,NA10840,Europe
2396,NA10842,Europe
2397,NA10843,Europe
2398,NA10845,Europe
2399,NA10846,Europe
2400,NA10847,Europe
2401,NA10850,Europe
2402,NA10851,Europe
2403,NA10852,Europe
2404,NA10853,Europe
2405,NA10854,Europe
2406,NA10855,Europe
2407,NA10856,Europe
2408,NA10857,Europe
2409,NA10859,Europe
2410,NA10860,Europe
2411,NA10861,Europe
2412,NA10863,Europe
2413,NA10864,Europe
2414,NA10865,Europe
2415,NA11829,Europe
2416,NA11830,Europe
2417,NA11831,Europe
2418,NA11832,Europe
2419,NA11839,Europe
2420,NA11840,Europe
2421,NA11843,Europe
2422,NA11881,Europe
2423,NA11882,Europe
2424,NA11891,Europe
2425,NA11892,Europe
2426,NA11893,Europe
2427,NA11894,Europe
2428,NA11917,Europe
2429,NA11918,Europe
2430,NA11919,Europe
2431,NA11920,Europe
2432,NA11930,Europe
2433,NA11931,Europe
2434,NA11932,Europe
2435,NA11933,Europe
2436,NA11992,Europe
2437,NA11993,Europe
2438,NA11994,Europe
2439,NA11995,Europe
2440,NA12003,Europe
2441,NA12004,Europe
2442,NA12005,Europe
2443,NA12006,Europe
2444,NA12043,Europe
2445,NA12044,Europe
2446,NA12045,Europe
2447,NA12046,Europe
2448,NA12056,Europe
2449,NA12057,Europe
2450,NA12058,Europe
2451,NA12144,Europe
2452,NA12145,Europe
2453,NA12146,Europe
2454,NA12154,Europe
2455,NA12155,Europe
2456,NA12156,Europe
2457,NA12234,Europe
2458,NA12239,Europe
2459,NA12248,Europe
2460,NA12249,Europe
2461,NA12264,Europe
2462,NA12272,Europe
2463,NA12273,Europe
2464,NA12274,Europe
2465,NA12275,Europe
2466,NA12282,Europe
2467,NA12283,Europe
2468,NA12286,Europe
2469,NA12287,Europe
2470,NA12329,Europe
2471,NA12335,Europe
2472,NA12336,Europe
2473,NA12340,Europe
2474,NA12341,Europe
2475,NA12342,Europe
2476,NA12343,Europe
2477,NA12344,Europe
2478,NA12347,Europe
2479,NA12348,Europe
2480,NA12375,Europe
2481,NA12376,Europe
2482,NA12383,Europe
2483,NA12386,Europe
2484,NA12399,Europe
2485,NA12400,Europe
2486,NA12413,Europe
2487,NA12414,Europe
2488,NA12485,Europe
2489,NA12489,Europe
2490,NA12546,Europe
2491,NA12707,Europe
2492,NA12708,Europe
2493,NA12716,Europe
2494,NA12717,Europe
2495,NA12718,Europe
2496,NA12739,Europe
2497,NA12740,Europe
2498,NA12748,Europe
2499,NA12749,Europe
2500,NA12750,Europe
2501,NA12751,Europe
2502,NA12752,Europe
2503,NA12753,Europe
2504,NA12760,Europe
2505,NA12761,Europe
2506,NA12762,Europe
2507,NA12763,Europe
2508,NA12766,Europe
2509,NA12767,Europe
2510,NA12775,Europe
2511,NA12776,Europe
2512,NA12777,Europe
2513,NA12778,Europe
2514,NA12801,Europe
2515,NA12802,Europe
2516,NA12812,Europe
2517,NA12813,Europe
2518,NA12814,Europe
2519,NA12815,Europe
2520,NA12817,Europe
2521,NA12818,Europe
2522,NA12827,Europe
2523,NA12828,Europe
2524,NA12829,Europe
2525,NA12830,Europe
2526,NA12832,Europe
2527,NA12842,Europe
2528,NA12843,Europe
2529,NA12864,Europe
2530,NA12865,Europe
2531,NA12872,Europe
2532,NA12873,Europe
2533,NA12874,Europe
2534,NA12875,Europe
2535,NA12877,Europe
2536,NA12878,Europe
2537,NA12889,Europe
2538,NA12890,Europe
2539,NA12891,Europe
2540,NA12892,Europe
2541,NA18484,Africa
2542,NA18485,Africa
2543,NA18486,Africa
2544,NA18487,Africa
2545,NA18488,Africa
2546,NA18489,Africa
2547,NA18497,Africa
2548,NA18498,Africa
2549,NA18499,Africa
2550,NA18500,Africa
2551,NA18501,Africa
2552,NA18502,Africa
2553,NA18503,Africa
2554,NA18504,Africa
2555,NA18505,Africa
2556,NA18506,Africa
2557,NA18507,Africa
2558,NA18508,Africa
2559,NA18509,Africa
2560,NA18510,Africa
2561,NA18511,Africa
2562,NA18515,Africa
2563,NA18516,Africa
2564,NA18517,Africa
2565,NA18518,Africa
2566,NA18519,Africa
2567,NA18520,Africa
2568,NA18521,Africa
2569,NA18522,Africa
2570,NA18523,Africa
2571,NA18525,Asia
2572,NA18526,Asia
2573,NA18527,Asia
2574,NA18528,Asia
2575,NA18530,Asia
2576,NA18531,Asia
2577,NA18532,Asia
2578,NA18533,Asia
2579,NA18534,Asia
2580,NA18535,Asia
2581,NA18536,Asia
2582,NA18537,Asia
2583,NA18538,Asia
2584,NA18539,Asia
2585,NA18541,Asia
2586,NA18542,Asia
2587,NA18543,Asia
2588,NA18544,Asia
2589,NA18545,Asia
2590,NA18546,Asia
2591,NA18547,Asia
2592,NA18548,Asia
2593,NA18549,Asia
2594,NA18550,Asia
2595,NA18552,Asia
2596,NA18553,Asia
2597,NA18555,Asia
2598,NA18557,Asia
2599,NA18558,Asia
2600,NA18559,Asia
2601,NA18560,Asia
2602,NA18561,Asia
2603,NA18562,Asia
2604,NA18563,Asia
2605,NA18564,Asia
2606,NA18565,Asia
2607,NA18566,Asia
2608,NA18567,Asia
2609,NA18570,Asia
2610,NA18571,Asia
2611,NA18572,Asia
2612,NA18573,Asia
2613,NA18574,Asia
2614,NA18576,Asia
2615,NA18577,Asia
2616,NA18579,Asia
2617,NA18582,Asia
2618,NA18591,Asia
2619,NA18592,Asia
2620,NA18593,Asia
2621,NA18595,Asia
2622,NA18596,Asia
2623,NA18597,Asia
2624,NA18599,Asia
2625,NA18602,Asia
2626,NA18603,Asia
2627,NA18605,Asia
2628,NA18606,Asia
2629,NA18608,Asia
2630,NA18609,Asia
2631,NA18610,Asia
2632,NA18611,Asia
2633,NA18612,Asia
2634,NA18613,Asia
2635,NA18614,Asia
2636,NA18615,Asia
2637,NA18616,Asia
2638,NA18617,Asia
2639,NA18618,Asia
2640,NA18619,Asia
2641,NA18620,Asia
2642,NA18621,Asia
2643,NA18622,Asia
2644,NA18623,Asia
2645,NA18624,Asia
2646,NA18625,Asia
2647,NA18626,Asia
2648,NA18627,Asia
2649,NA18628,Asia
2650,NA18629,Asia
2651,NA18630,Asia
2652,NA18631,Asia
2653,NA18632,Asia
2654,NA18633,Asia
2655,NA18634,Asia
2656,NA18635,Asia
2657,NA18636,Asia
2658,NA18637,Asia
2659,NA18638,Asia
2660,NA18639,Asia
2661,NA18640,Asia
2662,NA18641,Asia
2663,NA18642,Asia
2664,NA18643,Asia
2665,NA18644,Asia
2666,NA18645,Asia
2667,NA18646,Asia
2668,NA18647,Asia
2669,NA18648,Asia
2670,NA18740,Asia
2671,NA18745,Asia
2672,NA18747,Asia
2673,NA18748,Asia
2674,NA18749,Asia
2675,NA18757,Asia
2676,NA18791,Asia
2677,NA18794,Asia
2678,NA18795,Asia
2679,NA18852,Africa
2680,NA18853,Africa
2681,NA18854,Africa
2682,NA18855,Africa
2683,NA18856,Africa
2684,NA18857,Africa
2685,NA18858,Africa
2686,NA18859,Africa
2687,NA18860,Africa
2688,NA18861,Africa
2689,NA18862,Africa
2690,NA18863,Africa
2691,NA18864,Africa
2692,NA18865,Africa
2693,NA18867,Africa
2694,NA18868,Africa
2695,NA18869,Africa
2696,NA18870,Africa
2697,NA18871,Africa
2698,NA18872,Africa
2699,NA18873,Africa
2700,NA18874,Africa
2701,NA18875,Africa
2702,NA18876,Africa
2703,NA18877,Africa
2704,NA18878,Africa
2705,NA18879,Africa
2706,NA18881,Africa
2707,NA18906,Africa
2708,NA18907,Africa
2709,NA18908,Africa
2710,NA18909,Africa
2711,NA18910,Africa
2712,NA18911,Africa
2713,NA18912,Africa
2714,NA18913,Africa
2715,NA18914,Africa
2716,NA18915,Africa
2717,NA18916,Africa
2718,NA18917,Africa
2719,NA18923,Africa
2720,NA18924,Africa
2721,NA18925,Africa
2722,NA18930,Africa
2723,NA18933,Africa
2724,NA18934,Africa
2725,NA18935,Africa
2726,NA18939,Asia
2727,NA18940,Asia
2728,NA18941,Asia
2729,NA18942,Asia
2730,NA18943,Asia
2731,NA18944,Asia
2732,NA18945,Asia
2733,NA18946,Asia
2734,NA18947,Asia
2735,NA18948,Asia
2736,NA18949,Asia
2737,NA18950,Asia
2738,NA18951,Asia
2739,NA18952,Asia
2740,NA18953,Asia
2741,NA18954,Asia
2742,NA18955,Asia
2743,NA18956,Asia
2744,NA18957,Asia
2745,NA18959,Asia
2746,NA18960,Asia
2747,NA18961,Asia
2748,NA18962,Asia
2749,NA18963,Asia
2750,NA18964,Asia
2751,NA18965,Asia
2752,NA18966,Asia
2753,NA18967,Asia
2754,NA18968,Asia
2755,NA18969,Asia
2756,NA18970,Asia
2757,NA18971,Asia
2758,NA18972,Asia
2759,NA18973,Asia
2760,NA18974,Asia
2761,NA18975,Asia
2762,NA18976,Asia
2763,NA18977,Asia
2764,NA18978,Asia
2765,NA18979,Asia
2766,NA18980,Asia
2767,NA18981,Asia
2768,NA18982,Asia
2769,NA18983,Asia
2770,NA18984,Asia
2771,NA18985,Asia
2772,NA18986,Asia
2773,NA18987,Asia
2774,NA18988,Asia
2775,NA18989,Asia
2776,NA18990,Asia
2777,NA18991,Asia
2778,NA18992,Asia
2779,NA18993,Asia
2780,NA18994,Asia
2781,NA18995,Asia
2782,NA18997,Asia
2783,NA18998,Asia
2784,NA18999,Asia
2785,NA19000,Asia
2786,NA19001,Asia
2787,NA19002,Asia
2788,NA19003,Asia
2789,NA19004,Asia
2790,NA19005,Asia
2791,NA19006,Asia
2792,NA19007,Asia
2793,NA19009,Asia
2794,NA19010,Asia
2795,NA19011,Asia
2796,NA19012,Asia
2797,NA19017,Africa
2798,NA19019,Africa
2799,NA19020,Africa
2800,NA19023,Africa
2801,NA19024,Africa
2802,NA19025,Africa
2803,NA19026,Africa
2804,NA19027,Africa
2805,NA19028,Africa
2806,NA19030,Africa
2807,NA19031,Africa
2808,NA19035,Africa
2809,NA19036,Africa
2810,NA19037,Africa
2811,NA19038,Africa
2812,NA19041,Africa
2813,NA19042,Africa
2814,NA19043,Africa
2815,NA19044,Africa
2816,NA19046,Africa
2817,NA19054,Asia
2818,NA19055,Asia
2819,NA19056,Asia
2820,NA19057,Asia
2821,NA19058,Asia
2822,NA19059,Asia
2823,NA19060,Asia
2824,NA19062,Asia
2825,NA19063,Asia
2826,NA19064,Asia
2827,NA19065,Asia
2828,NA19066,Asia
2829,NA19067,Asia
2830,NA19068,Asia
2831,NA19070,Asia
2832,NA19072,Asia
2833,NA19074,Asia
2834,NA19075,Asia
2835,NA19076,Asia
2836,NA19077,Asia
2837,NA19078,Asia
2838,NA19079,Asia
2839,NA19080,Asia
2840,NA19081,Asia
2841,NA19082,Asia
2842,NA19083,Asia
2843,NA19084,Asia
2844,NA19085,Asia
2845,NA19086,Asia
2846,NA19087,Asia
2847,NA19088,Asia
2848,NA19089,Asia
2849,NA19090,Asia
2850,NA19091,Asia
2851,NA19092,Africa
2852,NA19093,Africa
2853,NA19094,Africa
2854,NA19095,Africa
2855,NA19096,Africa
2856,NA19097,Africa
2857,NA19098,Africa
2858,NA19099,Africa
2859,NA19100,Africa
2860,NA19101,Africa
2861,NA19102,Africa
2862,NA19103,Africa
2863,NA19104,Africa
2864,NA19105,Africa
2865,NA19107,Africa
2866,NA19108,Africa
2867,NA19109,Africa
2868,NA19113,Africa
2869,NA19114,Africa
2870,NA19115,Africa
2871,NA19116,Africa
2872,NA19117,Africa
2873,NA19118,Africa
2874,NA19119,Africa
2875,NA19120,Africa
2876,NA19121,Africa
2877,NA19122,Africa
2878,NA19123,Africa
2879,NA19127,Africa
2880,NA19128,Africa
2881,NA19129,Africa
2882,NA19130,Africa
2883,NA19131,Africa
2884,NA19132,Africa
2885,NA19137,Africa
2886,NA19138,Africa
2887,NA19139,Africa
2888,NA19140,Africa
2889,NA19141,Africa
2890,NA19142,Africa
2891,NA19143,Africa
2892,NA19144,Africa
2893,NA19145,Africa
2894,NA19146,Africa
2895,NA19147,Africa
2896,NA19148,Africa
2897,NA19149,Africa
2898,NA19150,Africa
2899,NA19151,Africa
2900,NA19152,Africa
2901,NA19153,Africa
2902,NA19154,Africa
2903,NA19159,Africa
2904,NA19160,Africa
2905,NA19161,Africa
2906,NA19166,Africa
2907,NA19171,Africa
2908,NA19172,Africa
2909,NA19173,Africa
2910,NA19174,Africa
2911,NA19175,Africa
2912,NA19176,Africa
2913,NA19177,Africa
2914,NA19184,Africa
2915,NA19185,Africa
2916,NA19186,Africa
2917,NA19189,Africa
2918,NA19190,Africa
2919,NA19191,Africa
2920,NA19195,Africa
2921,NA19196,Africa
2922,NA19197,Africa
2923,NA19198,Africa
2924,NA19199,Africa
2925,NA19200,Africa
2926,NA19201,Africa
2927,NA19202,Africa
2928,NA19203,Africa
2929,NA19204,Africa
2930,NA19205,Africa
2931,NA19206,Africa
2932,NA19207,Africa
2933,NA19208,Africa
2934,NA19209,Africa
2935,NA19210,Africa
2936,NA19211,Africa
2937,NA19213,Africa
2938,NA19214,Africa
2939,NA19215,Africa
2940,NA19221,Africa
2941,NA19222,Africa
2942,NA19223,Africa
2943,NA19224,Africa
2944,NA19225,Africa
2945,NA19226,Africa
2946,NA19235,Africa
2947,NA19236,Africa
2948,NA19237,Africa
2949,NA19238,Africa
2950,NA19239,Africa
2951,NA19240,Africa
2952,NA19247,Africa
2953,NA19248,Africa
2954,NA19249,Africa
2955,NA19252,Africa
2956,NA19254,Africa
2957,NA19256,Africa
2958,NA19257,Africa
2959,NA19258,Africa
2960,NA19307,Africa
2961,NA19308,Africa
2962,NA19309,Africa
2963,NA19310,Africa
2964,NA19311,Africa
2965,NA19312,Africa
2966,NA19313,Africa
2967,NA19314,Africa
2968,NA19315,Africa
2969,NA19316,Africa
2970,NA19317,Africa
2971,NA19318,Africa
2972,NA19319,Africa
2973,NA19320,Africa
2974,NA19321,Africa
2975,NA19323,Africa
2976,NA19324,Africa
2977,NA19327,Africa
2978,NA19328,Africa
2979,NA19331,Africa
2980,NA19332,Africa
2981,NA19334,Africa
2982,NA19338,Africa
2983,NA19346,Africa
2984,NA19347,Africa
2985,NA19350,Africa
2986,NA19351,Africa
2987,NA19352,Africa
2988,NA19355,Africa
2989,NA19359,Africa
2990,NA19360,Africa
2991,NA19371,Africa
2992,NA19372,Africa
2993,NA19373,Africa
2994,NA19374,Africa
2995,NA19375,Africa
2996,NA19376,Africa
2997,NA19377,Africa
2998,NA19378,Africa
2999,NA19379,Africa
3000,NA19380,Africa
3001,NA19381,Africa
3002,NA19382,Africa
3003,NA19383,Africa
3004,NA19384,Africa
3005,NA19385,Africa
3006,NA19390,Africa
3007,NA19391,Africa
3008,NA19393,Africa
3009,NA19394,Africa
3010,NA19395,Africa
3011,NA19396,Africa
3012,NA19397,Africa
3013,NA19398,Africa
3014,NA19399,Africa
3015,NA19401,Africa
3016,NA19403,Africa
3017,NA19404,Africa
3018,NA19428,Africa
3019,NA19429,Africa
3020,NA19430,Africa
3021,NA19431,Africa
3022,NA19432,Africa
3023,NA19434,Africa
3024,NA19435,Africa
3025,NA19436,Africa
3026,NA19437,Africa
3027,NA19438,Africa
3028,NA19439,Africa
3029,NA19440,Africa
3030,NA19443,Africa
3031,NA19444,Africa
3032,NA19445,Africa
3033,NA19446,Africa
3034,NA19448,Africa
3035,NA19449,Africa
3036,NA19451,Africa
3037,NA19452,Africa
3038,NA19453,Africa
3039,NA19454,Africa
3040,NA19455,Africa
3041,NA19456,Africa
3042,NA19457,Africa
3043,NA19461,Africa
3044,NA19462,Africa
3045,NA19463,Africa
3046,NA19466,Africa
3047,NA19467,Africa
3048,NA19468,Africa
3049,NA19469,Africa
3050,NA19470,Africa
3051,NA19471,Africa
3052,NA19472,Africa
3053,NA19473,Africa
3054,NA19474,Africa
3055,NA19475,Africa
3056,NA19625,NorthAmerica
3057,NA19648,NorthAmerica
3058,NA19649,NorthAmerica
3059,NA19650,NorthAmerica
3060,NA19651,NorthAmerica
3061,NA19652,NorthAmerica
3062,NA19653,NorthAmerica
3063,NA19654,NorthAmerica
3064,NA19655,NorthAmerica
3065,NA19656,NorthAmerica
3066,NA19657,NorthAmerica
3067,NA19658,NorthAmerica
3068,NA19659,NorthAmerica
3069,NA19660,NorthAmerica
3070,NA19661,NorthAmerica
3071,NA19662,NorthAmerica
3072,NA19663,NorthAmerica
3073,NA19664,NorthAmerica
3074,NA19665,NorthAmerica
3075,NA19669,NorthAmerica
3076,NA19670,NorthAmerica
3077,NA19671,NorthAmerica
3078,NA19672,NorthAmerica
3079,NA19674,NorthAmerica
3080,NA19675,NorthAmerica
3081,NA19676,NorthAmerica
3082,NA19677,NorthAmerica
3083,NA19678,NorthAmerica
3084,NA19679,NorthAmerica
3085,NA19680,NorthAmerica
3086,NA19681,NorthAmerica
3087,NA19682,NorthAmerica
3088,NA19683,NorthAmerica
3089,NA19684,NorthAmerica
3090,NA19685,NorthAmerica
3091,NA19686,NorthAmerica
3092,NA19700,NorthAmerica
3093,NA19701,NorthAmerica
3094,NA19702,NorthAmerica
3095,NA19703,NorthAmerica
3096,NA19704,NorthAmerica
3097,NA19705,NorthAmerica
3098,NA19707,NorthAmerica
3099,NA19708,NorthAmerica
3100,NA19711,NorthAmerica
3101,NA19712,NorthAmerica
3102,NA19713,NorthAmerica
3103,NA19714,NorthAmerica
3104,NA19716,NorthAmerica
3105,NA19717,NorthAmerica
3106,NA19718,NorthAmerica
3107,NA19719,NorthAmerica
3108,NA19720,NorthAmerica
3109,NA19721,NorthAmerica
3110,NA19722,NorthAmerica
3111,NA19723,NorthAmerica
3112,NA19724,NorthAmerica
3113,NA19725,NorthAmerica
3114,NA19726,NorthAmerica
3115,NA19727,NorthAmerica
3116,NA19728,NorthAmerica
3117,NA19729,NorthAmerica
3118,NA19730,NorthAmerica
3119,NA19731,NorthAmerica
3120,NA19732,NorthAmerica
3121,NA19733,NorthAmerica
3122,NA19734,NorthAmerica
3123,NA19735,NorthAmerica
3124,NA19737,NorthAmerica
3125,NA19738,NorthAmerica
3126,NA19740,NorthAmerica
3127,NA19741,NorthAmerica
3128,NA19742,NorthAmerica
3129,NA19746,NorthAmerica
3130,NA19747,NorthAmerica
3131,NA19748,NorthAmerica
3132,NA19749,NorthAmerica
3133,NA19750,NorthAmerica
3134,NA19751,NorthAmerica
3135,NA19752,NorthAmerica
3136,NA19753,NorthAmerica
3137,NA19754,NorthAmerica
3138,NA19755,NorthAmerica
3139,NA19756,NorthAmerica
3140,NA19757,NorthAmerica
3141,NA19758,NorthAmerica
3142,NA19759,NorthAmerica
3143,NA19760,NorthAmerica
3144,NA19761,NorthAmerica
3145,NA19762,NorthAmerica
3146,NA19763,NorthAmerica
3147,NA19764,NorthAmerica
3148,NA19766,NorthAmerica
3149,NA19770,NorthAmerica
3150,NA19771,NorthAmerica
3151,NA19772,NorthAmerica
3152,NA19773,NorthAmerica
3153,NA19774,NorthAmerica
3154,NA19775,NorthAmerica
3155,NA19776,NorthAmerica
3156,NA19777,NorthAmerica
3157,NA19778,NorthAmerica
3158,NA19779,NorthAmerica
3159,NA19780,NorthAmerica
3160,NA19781,NorthAmerica
3161,NA19782,NorthAmerica
3162,NA19783,NorthAmerica
3163,NA19784,NorthAmerica
3164,NA19785,NorthAmerica
3165,NA19786,NorthAmerica
3166,NA19787,NorthAmerica
3167,NA19788,NorthAmerica
3168,NA19789,NorthAmerica
3169,NA19790,NorthAmerica
3170,NA19792,NorthAmerica
3171,NA19794,NorthAmerica
3172,NA19795,NorthAmerica
3173,NA19796,NorthAmerica
3174,NA19797,NorthAmerica
3175,NA19798,NorthAmerica
3176,NA19818,NorthAmerica
3177,NA19819,NorthAmerica
3178,NA19828,NorthAmerica
3179,NA19834,NorthAmerica
3180,NA19835,NorthAmerica
3181,NA19836,NorthAmerica
3182,NA19900,NorthAmerica
3183,NA19901,NorthAmerica
3184,NA19902,NorthAmerica
3185,NA19904,NorthAmerica
3186,NA19905,NorthAmerica
3187,NA19908,NorthAmerica
3188,NA19909,NorthAmerica
3189,NA19913,NorthAmerica
3190,NA19914,NorthAmerica
3191,NA19915,NorthAmerica
3192,NA19916,NorthAmerica
3193,NA19917,NorthAmerica
3194,NA19918,NorthAmerica
3195,NA19919,NorthAmerica
3196,NA19920,NorthAmerica
3197,NA19921,NorthAmerica
3198,NA19922,NorthAmerica
3199,NA19923,NorthAmerica
3200,NA19924,NorthAmerica
3201,NA19982,NorthAmerica
3202,NA19983,NorthAmerica
3203,NA19984,NorthAmerica
3204,NA19985,NorthAmerica
3205,NA20126,NorthAmerica
3206,NA20127,NorthAmerica
3207,NA20128,NorthAmerica
3208,NA20129,NorthAmerica
3209,NA20274,NorthAmerica
3210,NA20276,NorthAmerica
3211,NA20277,NorthAmerica
3212,NA20278,NorthAmerica
3213,NA20279,NorthAmerica
3214,NA20281,NorthAmerica
3215,NA20282,NorthAmerica
3216,NA20284,NorthAmerica
3217,NA20285,NorthAmerica
3218,NA20287,NorthAmerica
3219,NA20288,NorthAmerica
3220,NA20289,NorthAmerica
3221,NA20290,NorthAmerica
3222,NA20291,NorthAmerica
3223,NA20292,NorthAmerica
3224,NA20294,NorthAmerica
3225,NA20295,NorthAmerica
3226,NA20296,NorthAmerica
3227,NA20297,NorthAmerica
3228,NA20298,NorthAmerica
3229,NA20299,NorthAmerica
3230,NA20300,NorthAmerica
3231,NA20301,NorthAmerica
3232,NA20302,NorthAmerica
3233,NA20312,NorthAmerica
3234,NA20313,NorthAmerica
3235,NA20314,NorthAmerica
3236,NA20316,NorthAmerica
3237,NA20317,NorthAmerica
3238,NA20318,NorthAmerica
3239,NA20319,NorthAmerica
3240,NA20320,NorthAmerica
3241,NA20321,NorthAmerica
3242,NA20322,NorthAmerica
3243,NA20332,NorthAmerica
3244,NA20333,NorthAmerica
3245,NA20334,NorthAmerica
3246,NA20335,NorthAmerica
3247,NA20336,NorthAmerica
3248,NA20337,NorthAmerica
3249,NA20339,NorthAmerica
3250,NA20340,NorthAmerica
3251,NA20341,NorthAmerica
3252,NA20342,NorthAmerica
3253,NA20343,NorthAmerica
3254,NA20344,NorthAmerica
3255,NA20345,NorthAmerica
3256,NA20346,NorthAmerica
3257,NA20347,NorthAmerica
3258,NA20348,NorthAmerica
3259,NA20349,NorthAmerica
3260,NA20350,NorthAmerica
3261,NA20351,NorthAmerica
3262,NA20355,NorthAmerica
3263,NA20356,NorthAmerica
3264,NA20357,NorthAmerica
3265,NA20358,NorthAmerica
3266,NA20359,NorthAmerica
3267,NA20360,NorthAmerica
3268,NA20361,NorthAmerica
3269,NA20362,NorthAmerica
3270,NA20363,NorthAmerica
3271,NA20364,NorthAmerica
3272,NA20412,NorthAmerica
3273,NA20413,NorthAmerica
3274,NA20414,NorthAmerica
3275,NA20502,Europe
3276,NA20503,Europe
3277,NA20504,Europe
3278,NA20505,Europe
3279,NA20506,Europe
3280,NA20507,Europe
3281,NA20508,Europe
3282,NA20509,Europe
3283,NA20510,Europe
3284,NA20511,Europe
3285,NA20512,Europe
3286,NA20513,Europe
3287,NA20514,Europe
3288,NA20515,Europe
3289,NA20516,Europe
3290,NA20517,Europe
3291,NA20518,Europe
3292,NA20519,Europe
3293,NA20520,Europe
3294,NA20521,Europe
3295,NA20522,Europe
3296,NA20524,Europe
3297,NA20525,Europe
3298,NA20526,Europe
3299,NA20527,Europe
3300,NA20528,Europe
3301,NA20529,Europe
3302,NA20530,Europe
3303,NA20531,Europe
3304,NA20532,Europe
3305,NA20533,Europe
3306,NA20534,Europe
3307,NA20535,Europe
3308,NA20536,Europe
3309,NA20537,Europe
3310,NA20538,Europe
3311,NA20539,Europe
3312,NA20540,Europe
3313,NA20541,Europe
3314,NA20542,Europe
3315,NA20543,Europe
3316,NA20544,Europe
3317,NA20581,Europe
3318,NA20582,Europe
3319,NA20585,Europe
3320,NA20586,Europe
3321,NA20587,Europe
3322,NA20588,Europe
3323,NA20589,Europe
3324,NA20752,Europe
3325,NA20753,Europe
3326,NA20754,Europe
3327,NA20755,Europe
3328,NA20756,Europe
3329,NA20757,Europe
3330,NA20758,Europe
3331,NA20759,Europe
3332,NA20760,Europe
3333,NA20761,Europe
3334,NA20762,Europe
3335,NA20763,Europe
3336,NA20764,Europe
3337,NA20765,Europe
3338,NA20766,Europe
3339,NA20767,Europe
3340,NA20768,Europe
3341,NA20769,Europe
3342,NA20770,Europe
3343,NA20771,Europe
3344,NA20772,Europe
3345,NA20773,Europe
3346,NA20774,Europe
3347,NA20775,Europe
3348,NA20778,Europe
3349,NA20783,Europe
3350,NA20785,Europe
3351,NA20786,Europe
3352,NA20787,Europe
3353,NA20790,Europe
3354,NA20792,Europe
3355,NA20795,Europe
3356,NA20796,Europe
3357,NA20797,Europe
3358,NA20798,Europe
3359,NA20799,Europe
3360,NA20800,Europe
3361,NA20801,Europe
3362,NA20802,Europe
3363,NA20803,Europe
3364,NA20804,Europe
3365,NA20805,Europe
3366,NA20806,Europe
3367,NA20807,Europe
3368,NA20808,Europe
3369,NA20809,Europe
3370,NA20810,Europe
3371,NA20811,Europe
3372,NA20812,Europe
3373,NA20813,Europe
3374,NA20814,Europe
3375,NA20815,Europe
3376,NA20816,Europe
3377,NA20818,Europe
3378,NA20819,Europe
3379,NA20821,Europe
3380,NA20822,Europe
3381,NA20826,Europe
3382,NA20827,Europe
3383,NA20828,Europe
3384,NA20829,Europe
3385,NA20831,Europe
3386,NA20832,Europe
3387,NA20845,NorthAmerica
3388,NA20846,NorthAmerica
3389,NA20847,NorthAmerica
3390,NA20849,NorthAmerica
3391,NA20850,NorthAmerica
3392,NA20851,NorthAmerica
3393,NA20852,NorthAmerica
3394,NA20853,NorthAmerica
3395,NA20854,NorthAmerica
3396,NA20856,NorthAmerica
3397,NA20858,NorthAmerica
3398,NA20859,NorthAmerica
3399,NA20861,NorthAmerica
3400,NA20862,NorthAmerica
3401,NA20863,NorthAmerica
3402,NA20864,NorthAmerica
3403,NA20866,NorthAmerica
3404,NA20867,NorthAmerica
3405,NA20868,NorthAmerica
3406,NA20869,NorthAmerica
3407,NA20870,NorthAmerica
3408,NA20871,NorthAmerica
3409,NA20872,NorthAmerica
3410,NA20873,NorthAmerica
3411,NA20874,NorthAmerica
3412,NA20875,NorthAmerica
3413,NA20876,NorthAmerica
3414,NA20877,NorthAmerica
3415,NA20878,NorthAmerica
3416,NA20879,NorthAmerica
3417,NA20881,NorthAmerica
3418,NA20882,NorthAmerica
3419,NA20883,NorthAmerica
3420,NA20884,NorthAmerica
3421,NA20885,NorthAmerica
3422,NA20886,NorthAmerica
3423,NA20887,NorthAmerica
3424,NA20888,NorthAmerica
3425,NA20889,NorthAmerica
3426,NA20890,NorthAmerica
3427,NA20891,NorthAmerica
3428,NA20892,NorthAmerica
3429,NA20893,NorthAmerica
3430,NA20894,NorthAmerica
3431,NA20895,NorthAmerica
3432,NA20896,NorthAmerica
3433,NA20897,NorthAmerica
3434,NA20898,NorthAmerica
3435,NA20899,NorthAmerica
3436,NA20900,NorthAmerica
3437,NA20901,NorthAmerica
3438,NA20902,NorthAmerica
3439,NA20903,NorthAmerica
3440,NA20904,NorthAmerica
3441,NA20905,NorthAmerica
3442,NA20906,NorthAmerica
3443,NA20907,NorthAmerica
3444,NA20908,NorthAmerica
3445,NA20909,NorthAmerica
3446,NA20910,NorthAmerica
3447,NA20911,NorthAmerica
3448,NA21086,NorthAmerica
3449,NA21087,NorthAmerica
3450,NA21088,NorthAmerica
3451,NA21089,NorthAmerica
3452,NA21090,NorthAmerica
3453,NA21091,NorthAmerica
3454,NA21092,NorthAmerica
3455,NA21093,NorthAmerica
3456,NA21094,NorthAmerica
3457,NA21095,NorthAmerica
3458,NA21097,NorthAmerica
3459,NA21098,NorthAmerica
3460,NA21099,NorthAmerica
3461,NA21100,NorthAmerica
3462,NA21101,NorthAmerica
3463,NA21102,NorthAmerica
3464,NA21103,NorthAmerica
3465,NA21104,NorthAmerica
3466,NA21105,NorthAmerica
3467,NA21106,NorthAmerica
3468,NA21107,NorthAmerica
3469,NA21108,NorthAmerica
3470,NA21109,NorthAmerica
3471,NA21110,NorthAmerica
3472,NA21111,NorthAmerica
3473,NA21112,NorthAmerica
3474,NA21113,NorthAmerica
3475,NA21114,NorthAmerica
3476,NA21115,NorthAmerica
3477,NA21116,NorthAmerica
3478,NA21117,NorthAmerica
3479,NA21118,NorthAmerica
3480,NA21119,NorthAmerica
3481,NA21120,NorthAmerica
3482,NA21121,NorthAmerica
3483,NA21122,NorthAmerica
3484,NA21123,NorthAmerica
3485,NA21124,NorthAmerica
3486,NA21125,NorthAmerica
3487,NA21126,NorthAmerica
3488,NA21127,NorthAmerica
3489,NA21128,NorthAmerica
3490,NA21129,NorthAmerica
3491,NA21130,NorthAmerica
3492,NA21133,NorthAmerica
3493,NA21134,NorthAmerica
3494,NA21135,NorthAmerica
3495,NA21137,NorthAmerica
3496,NA21141,NorthAmerica
3497,NA21142,NorthAmerica
3498,NA21143,NorthAmerica
3499,NA21144,NorthAmerica
